"","Date","Close","Company"
"1",2015-01-02,274.413241600598,"Amazon Prediction"
"2",2015-01-05,270.25900389418,"Amazon Prediction"
"3",2015-01-06,265.001765477026,"Amazon Prediction"
"4",2015-01-07,265.983319303905,"Amazon Prediction"
"5",2015-01-08,267.39950863752,"Amazon Prediction"
"6",2015-01-09,267.712492121904,"Amazon Prediction"
"7",2015-01-12,263.491947047751,"Amazon Prediction"
"8",2015-01-13,265.229578404124,"Amazon Prediction"
"9",2015-01-14,260.660524252821,"Amazon Prediction"
"10",2015-01-15,261.123827341831,"Amazon Prediction"
"11",2015-01-16,260.148028408026,"Amazon Prediction"
"12",2015-01-20,262.869180707019,"Amazon Prediction"
"13",2015-01-21,261.123170886369,"Amazon Prediction"
"14",2015-01-22,273.511801800233,"Amazon Prediction"
"15",2015-01-23,278.918318956295,"Amazon Prediction"
"16",2015-01-26,279.962393608367,"Amazon Prediction"
"17",2015-01-27,277.354675806093,"Amazon Prediction"
"18",2015-01-28,278.155197691277,"Amazon Prediction"
"19",2015-01-29,273.900966054878,"Amazon Prediction"
"20",2015-01-30,295.527773332578,"Amazon Prediction"
"21",2015-02-02,312.648085085592,"Amazon Prediction"
"22",2015-02-03,320.557032396052,"Amazon Prediction"
"23",2015-02-04,321.940281089473,"Amazon Prediction"
"24",2015-02-05,326.729932985582,"Amazon Prediction"
"25",2015-02-06,332.010242787485,"Amazon Prediction"
"26",2015-02-09,331.00443041304,"Amazon Prediction"
"27",2015-02-10,332.431489106865,"Amazon Prediction"
"28",2015-02-11,333.827780190186,"Amazon Prediction"
"29",2015-02-12,335.965872436227,"Amazon Prediction"
"30",2015-02-13,338.913730789564,"Amazon Prediction"
"31",2015-02-17,336.646167805714,"Amazon Prediction"
"32",2015-02-18,336.038888212059,"Amazon Prediction"
"33",2015-02-19,338.2678867205,"Amazon Prediction"
"34",2015-02-20,341.073432949735,"Amazon Prediction"
"35",2015-02-23,343.355230074161,"Amazon Prediction"
"36",2015-02-24,341.51232369837,"Amazon Prediction"
"37",2015-02-25,343.380085019778,"Amazon Prediction"
"38",2015-02-26,346.915617057135,"Amazon Prediction"
"39",2015-02-27,345.099907169775,"Amazon Prediction"
"40",2015-03-02,346.394799276707,"Amazon Prediction"
"41",2015-03-03,347.720181006793,"Amazon Prediction"
"42",2015-03-04,348.220925748168,"Amazon Prediction"
"43",2015-03-05,349.611499430429,"Amazon Prediction"
"44",2015-03-06,347.189386766359,"Amazon Prediction"
"45",2015-03-09,344.170543525791,"Amazon Prediction"
"46",2015-03-10,340.377553160187,"Amazon Prediction"
"47",2015-03-11,337.84307102164,"Amazon Prediction"
"48",2015-03-12,339.772327121317,"Amazon Prediction"
"49",2015-03-13,339.600282684768,"Amazon Prediction"
"50",2015-03-16,340.71449194269,"Amazon Prediction"
"51",2015-03-17,341.835614108355,"Amazon Prediction"
"52",2015-03-18,341.77876198826,"Amazon Prediction"
"53",2015-03-19,344.372961981924,"Amazon Prediction"
"54",2015-03-20,345.872646935984,"Amazon Prediction"
"55",2015-03-23,347.633590104419,"Amazon Prediction"
"56",2015-03-24,345.195483503811,"Amazon Prediction"
"57",2015-03-25,344.783095882163,"Amazon Prediction"
"58",2015-03-26,341.058444856158,"Amazon Prediction"
"59",2015-03-27,342.311873660027,"Amazon Prediction"
"60",2015-03-30,346.790247088469,"Amazon Prediction"
"61",2015-03-31,346.631212043607,"Amazon Prediction"
"62",2015-04-01,344.912728198028,"Amazon Prediction"
"63",2015-04-02,345.939536822787,"Amazon Prediction"
"64",2015-04-06,347.972392053789,"Amazon Prediction"
"65",2015-04-07,350.577741932036,"Amazon Prediction"
"66",2015-04-08,351.954273621982,"Amazon Prediction"
"67",2015-04-09,355.453461129911,"Amazon Prediction"
"68",2015-04-10,357.174473339428,"Amazon Prediction"
"69",2015-04-13,357.512408234652,"Amazon Prediction"
"70",2015-04-14,358.512141888552,"Amazon Prediction"
"71",2015-04-15,358.94672180487,"Amazon Prediction"
"72",2015-04-16,360.170902219575,"Amazon Prediction"
"73",2015-04-17,354.261123246532,"Amazon Prediction"
"74",2015-04-20,357.972456271791,"Amazon Prediction"
"75",2015-04-21,363.826939926634,"Amazon Prediction"
"76",2015-04-22,365.110766943064,"Amazon Prediction"
"77",2015-04-23,360.684868921501,"Amazon Prediction"
"78",2015-04-24,395.924632731429,"Amazon Prediction"
"79",2015-04-27,404.227322326217,"Amazon Prediction"
"80",2015-04-28,399.358001662207,"Amazon Prediction"
"81",2015-04-29,396.530716611148,"Amazon Prediction"
"82",2015-04-30,393.593284487031,"Amazon Prediction"
"83",2015-05-01,391.747124401879,"Amazon Prediction"
"84",2015-05-04,395.658265004292,"Amazon Prediction"
"85",2015-05-05,394.058152339173,"Amazon Prediction"
"86",2015-05-06,391.74386817952,"Amazon Prediction"
"87",2015-05-07,396.693167247173,"Amazon Prediction"
"88",2015-05-08,402.240902718274,"Amazon Prediction"
"89",2015-05-11,404.382277547813,"Amazon Prediction"
"90",2015-05-12,402.403987245374,"Amazon Prediction"
"91",2015-05-13,401.534542936912,"Amazon Prediction"
"92",2015-05-14,403.039544304996,"Amazon Prediction"
"93",2015-05-15,398.919586525778,"Amazon Prediction"
"94",2015-05-18,399.298437492997,"Amazon Prediction"
"95",2015-05-19,398.672761300634,"Amazon Prediction"
"96",2015-05-20,398.142299314026,"Amazon Prediction"
"97",2015-05-21,403.64971285242,"Amazon Prediction"
"98",2015-05-22,404.629724723901,"Amazon Prediction"
"99",2015-05-26,401.557557006867,"Amazon Prediction"
"100",2015-05-27,404.824759964823,"Amazon Prediction"
"101",2015-05-28,404.881972482555,"Amazon Prediction"
"102",2015-05-29,404.926408764819,"Amazon Prediction"
"103",2015-06-01,406.992247940733,"Amazon Prediction"
"104",2015-06-02,407.758479909606,"Amazon Prediction"
"105",2015-06-03,411.43480252365,"Amazon Prediction"
"106",2015-06-04,409.789623461104,"Amazon Prediction"
"107",2015-06-05,407.241583390066,"Amazon Prediction"
"108",2015-06-08,404.387789506663,"Amazon Prediction"
"109",2015-06-09,404.172627016874,"Amazon Prediction"
"110",2015-06-10,408.492795397146,"Amazon Prediction"
"111",2015-06-11,412.197999715132,"Amazon Prediction"
"112",2015-06-12,410.531803478513,"Amazon Prediction"
"113",2015-06-15,407.263188153905,"Amazon Prediction"
"114",2015-06-16,407.405553561786,"Amazon Prediction"
"115",2015-06-17,409.796161134559,"Amazon Prediction"
"116",2015-06-18,414.333761149137,"Amazon Prediction"
"117",2015-06-19,416.565432077831,"Amazon Prediction"
"118",2015-06-22,418.023247867402,"Amazon Prediction"
"119",2015-06-23,420.23417938743,"Amazon Prediction"
"120",2015-06-24,423.037338958597,"Amazon Prediction"
"121",2015-06-25,420.858298249554,"Amazon Prediction"
"122",2015-06-26,420.928688544865,"Amazon Prediction"
"123",2015-06-29,416.042124664918,"Amazon Prediction"
"124",2015-06-30,417.182722525539,"Amazon Prediction"
"125",2015-07-01,421.498154439443,"Amazon Prediction"
"126",2015-07-02,421.188181183435,"Amazon Prediction"
"127",2015-07-06,421.085905901344,"Amazon Prediction"
"128",2015-07-07,418.425322503806,"Amazon Prediction"
"129",2015-07-08,418.284787372897,"Amazon Prediction"
"130",2015-07-09,421.297289071919,"Amazon Prediction"
"131",2015-07-10,426.492395565179,"Amazon Prediction"
"132",2015-07-13,433.906292476581,"Amazon Prediction"
"133",2015-07-14,442.617419322552,"Amazon Prediction"
"134",2015-07-15,443.088259948711,"Amazon Prediction"
"135",2015-07-16,448.852344292992,"Amazon Prediction"
"136",2015-07-17,456.619746786116,"Amazon Prediction"
"137",2015-07-20,464.318301889459,"Amazon Prediction"
"138",2015-07-21,463.593269059396,"Amazon Prediction"
"139",2015-07-22,464.813210741052,"Amazon Prediction"
"140",2015-07-23,458.012248966645,"Amazon Prediction"
"141",2015-07-24,502.015758682801,"Amazon Prediction"
"142",2015-07-27,497.341119996009,"Amazon Prediction"
"143",2015-07-28,497.653170474865,"Amazon Prediction"
"144",2015-07-29,498.521063772168,"Amazon Prediction"
"145",2015-07-30,500.796684233091,"Amazon Prediction"
"146",2015-07-31,506.5004188149,"Amazon Prediction"
"147",2015-08-03,505.078893709474,"Amazon Prediction"
"148",2015-08-04,502.644024291703,"Amazon Prediction"
"149",2015-08-05,507.160956767186,"Amazon Prediction"
"150",2015-08-06,504.737370764687,"Amazon Prediction"
"151",2015-08-07,497.25248437551,"Amazon Prediction"
"152",2015-08-10,500.562048199922,"Amazon Prediction"
"153",2015-08-11,499.743323118324,"Amazon Prediction"
"154",2015-08-12,496.696118811594,"Amazon Prediction"
"155",2015-08-13,503.140141418651,"Amazon Prediction"
"156",2015-08-14,505.160993684297,"Amazon Prediction"
"157",2015-08-17,507.251967684908,"Amazon Prediction"
"158",2015-08-18,509.972932709582,"Amazon Prediction"
"159",2015-08-19,508.208689230416,"Amazon Prediction"
"160",2015-08-20,499.462782532319,"Amazon Prediction"
"161",2015-08-21,481.086513933625,"Amazon Prediction"
"162",2015-08-24,448.946291905314,"Amazon Prediction"
"163",2015-08-25,463.508066306366,"Amazon Prediction"
"164",2015-08-26,474.577240424502,"Amazon Prediction"
"165",2015-08-27,493.542782813476,"Amazon Prediction"
"166",2015-08-28,498.15019597927,"Amazon Prediction"
"167",2015-08-31,496.134663852405,"Amazon Prediction"
"168",2015-09-01,484.32335753036,"Amazon Prediction"
"169",2015-09-02,489.680196706825,"Amazon Prediction"
"170",2015-09-03,493.035501166841,"Amazon Prediction"
"171",2015-09-04,485.490190300871,"Amazon Prediction"
"172",2015-09-08,496.590347269928,"Amazon Prediction"
"173",2015-09-09,502.807256310157,"Amazon Prediction"
"174",2015-09-10,503.129436331946,"Amazon Prediction"
"175",2015-09-11,507.266581753043,"Amazon Prediction"
"176",2015-09-14,508.140124458463,"Amazon Prediction"
"177",2015-09-15,506.532659433737,"Amazon Prediction"
"178",2015-09-16,508.422321377138,"Amazon Prediction"
"179",2015-09-17,515.593545597723,"Amazon Prediction"
"180",2015-09-18,516.859440627105,"Amazon Prediction"
"181",2015-09-21,525.536000423057,"Amazon Prediction"
"182",2015-09-22,519.99183914243,"Amazon Prediction"
"183",2015-09-23,520.69177773328,"Amazon Prediction"
"184",2015-09-24,514.571996988146,"Amazon Prediction"
"185",2015-09-25,516.214050188668,"Amazon Prediction"
"186",2015-09-28,497.688399774184,"Amazon Prediction"
"187",2015-09-29,492.079167202817,"Amazon Prediction"
"188",2015-09-30,498.21963069363,"Amazon Prediction"
"189",2015-10-01,503.928766403521,"Amazon Prediction"
"190",2015-10-02,508.968346363511,"Amazon Prediction"
"191",2015-10-05,525.40078817118,"Amazon Prediction"
"192",2015-10-06,525.798984578906,"Amazon Prediction"
"193",2015-10-07,524.1569470553,"Amazon Prediction"
"194",2015-10-08,518.780988542672,"Amazon Prediction"
"195",2015-10-09,523.40272093204,"Amazon Prediction"
"196",2015-10-12,531.312188882244,"Amazon Prediction"
"197",2015-10-13,533.573533274024,"Amazon Prediction"
"198",2015-10-14,532.699763329319,"Amazon Prediction"
"199",2015-10-15,538.20393861838,"Amazon Prediction"
"200",2015-10-16,548.189018311741,"Amazon Prediction"
"201",2015-10-19,553.197122611275,"Amazon Prediction"
"202",2015-10-20,547.833378073726,"Amazon Prediction"
"203",2015-10-21,544.358526956807,"Amazon Prediction"
"204",2015-10-22,544.045663984143,"Amazon Prediction"
"205",2015-10-23,576.814093916923,"Amazon Prediction"
"206",2015-10-26,579.827557573551,"Amazon Prediction"
"207",2015-10-27,584.980935669242,"Amazon Prediction"
"208",2015-10-28,588.366722578777,"Amazon Prediction"
"209",2015-10-29,594.752489786848,"Amazon Prediction"
"210",2015-10-30,599.128541158014,"Amazon Prediction"
"211",2015-11-02,599.899966049357,"Amazon Prediction"
"212",2015-11-03,600.296938513013,"Amazon Prediction"
"213",2015-11-04,606.20145666346,"Amazon Prediction"
"214",2015-11-05,618.463979930998,"Amazon Prediction"
"215",2015-11-06,624.31676101796,"Amazon Prediction"
"216",2015-11-09,624.002289745693,"Amazon Prediction"
"217",2015-11-10,623.630914345229,"Amazon Prediction"
"218",2015-11-11,633.668624619202,"Amazon Prediction"
"219",2015-11-12,635.387425856115,"Amazon Prediction"
"220",2015-11-13,621.385837047848,"Amazon Prediction"
"221",2015-11-16,610.875763437853,"Amazon Prediction"
"222",2015-11-17,619.016809593164,"Amazon Prediction"
"223",2015-11-18,625.686998677423,"Amazon Prediction"
"224",2015-11-19,632.962106978692,"Amazon Prediction"
"225",2015-11-20,634.864706103864,"Amazon Prediction"
"226",2015-11-23,642.957713195733,"Amazon Prediction"
"227",2015-11-24,639.024919997461,"Amazon Prediction"
"228",2015-11-25,644.550346562676,"Amazon Prediction"
"229",2015-11-27,646.720429314203,"Amazon Prediction"
"230",2015-11-30,640.275038474105,"Amazon Prediction"
"231",2015-12-01,644.32728923001,"Amazon Prediction"
"232",2015-12-02,647.82821703469,"Amazon Prediction"
"233",2015-12-03,642.387081648084,"Amazon Prediction"
"234",2015-12-04,640.242985038557,"Amazon Prediction"
"235",2015-12-07,642.560715352035,"Amazon Prediction"
"236",2015-12-08,642.911947802866,"Amazon Prediction"
"237",2015-12-09,641.424869475603,"Amazon Prediction"
"238",2015-12-10,638.993959193472,"Amazon Prediction"
"239",2015-12-11,624.588553583154,"Amazon Prediction"
"240",2015-12-14,627.031627144459,"Amazon Prediction"
"241",2015-12-15,638.480992604894,"Amazon Prediction"
"242",2015-12-16,644.0301529904,"Amazon Prediction"
"243",2015-12-17,649.969854247499,"Amazon Prediction"
"244",2015-12-18,641.905074252687,"Amazon Prediction"
"245",2015-12-21,643.066940115376,"Amazon Prediction"
"246",2015-12-22,643.063834097832,"Amazon Prediction"
"247",2015-12-23,642.503434096719,"Amazon Prediction"
"248",2015-12-24,643.768299173451,"Amazon Prediction"
"249",2015-12-28,648.222507352054,"Amazon Prediction"
"250",2015-12-29,659.51951326687,"Amazon Prediction"
"251",2015-12-30,664.839606190945,"Amazon Prediction"
"252",2015-12-31,657.711671616269,"Amazon Prediction"
"253",2016-01-04,625.248672208475,"Amazon Prediction"
"254",2016-01-05,623.887930096794,"Amazon Prediction"
"255",2016-01-06,616.773872712907,"Amazon Prediction"
"256",2016-01-07,605.940354575152,"Amazon Prediction"
"257",2016-01-08,605.962997096838,"Amazon Prediction"
"258",2016-01-11,605.471447733908,"Amazon Prediction"
"259",2016-01-12,612.296661829066,"Amazon Prediction"
"260",2016-01-13,594.825638530581,"Amazon Prediction"
"261",2016-01-14,584.433885149066,"Amazon Prediction"
"262",2016-01-15,573.999730176504,"Amazon Prediction"
"263",2016-01-19,579.001687005421,"Amazon Prediction"
"264",2016-01-20,568.923194384101,"Amazon Prediction"
"265",2016-01-21,580.231545172547,"Amazon Prediction"
"266",2016-01-22,592.835718958279,"Amazon Prediction"
"267",2016-01-25,599.494709365829,"Amazon Prediction"
"268",2016-01-26,600.710102851191,"Amazon Prediction"
"269",2016-01-27,593.618118268319,"Amazon Prediction"
"270",2016-01-28,608.600285823012,"Amazon Prediction"
"271",2016-01-29,577.786433735011,"Amazon Prediction"
"272",2016-02-01,581.783540863171,"Amazon Prediction"
"273",2016-02-02,570.154907061536,"Amazon Prediction"
"274",2016-02-03,551.604968516847,"Amazon Prediction"
"275",2016-02-04,546.75399510987,"Amazon Prediction"
"276",2016-02-05,532.589501508731,"Amazon Prediction"
"277",2016-02-08,510.431187858139,"Amazon Prediction"
"278",2016-02-09,510.852352093214,"Amazon Prediction"
"279",2016-02-10,519.285124699658,"Amazon Prediction"
"280",2016-02-11,522.116100584089,"Amazon Prediction"
"281",2016-02-12,533.347356747635,"Amazon Prediction"
"282",2016-02-16,542.208413395497,"Amazon Prediction"
"283",2016-02-17,551.133948244333,"Amazon Prediction"
"284",2016-02-18,553.713321595681,"Amazon Prediction"
"285",2016-02-19,549.173885474821,"Amazon Prediction"
"286",2016-02-22,568.076289326616,"Amazon Prediction"
"287",2016-02-23,571.02559428847,"Amazon Prediction"
"288",2016-02-24,565.006119193084,"Amazon Prediction"
"289",2016-02-25,572.183492956353,"Amazon Prediction"
"290",2016-02-26,575.276850363191,"Amazon Prediction"
"291",2016-02-29,575.053085981769,"Amazon Prediction"
"292",2016-03-01,583.765643139459,"Amazon Prediction"
"293",2016-03-02,594.190444682145,"Amazon Prediction"
"294",2016-03-03,593.628730501737,"Amazon Prediction"
"295",2016-03-04,593.436605967088,"Amazon Prediction"
"296",2016-03-07,584.375201974684,"Amazon Prediction"
"297",2016-03-08,580.737857007868,"Amazon Prediction"
"298",2016-03-09,578.490666274435,"Amazon Prediction"
"299",2016-03-10,581.298103896957,"Amazon Prediction"
"300",2016-03-11,587.389590899233,"Amazon Prediction"
"301",2016-03-14,590.35338036356,"Amazon Prediction"
"302",2016-03-15,593.491412806656,"Amazon Prediction"
"303",2016-03-16,595.412437161523,"Amazon Prediction"
"304",2016-03-17,584.433958041876,"Amazon Prediction"
"305",2016-03-18,577.052726725606,"Amazon Prediction"
"306",2016-03-21,574.57186852953,"Amazon Prediction"
"307",2016-03-22,579.089480764298,"Amazon Prediction"
"308",2016-03-23,588.727066147906,"Amazon Prediction"
"309",2016-03-24,595.771918617774,"Amazon Prediction"
"310",2016-03-28,602.783755424755,"Amazon Prediction"
"311",2016-03-29,606.326633955124,"Amazon Prediction"
"312",2016-03-30,616.263713200142,"Amazon Prediction"
"313",2016-03-31,616.035097796517,"Amazon Prediction"
"314",2016-04-01,614.324113527194,"Amazon Prediction"
"315",2016-04-04,616.401419428872,"Amazon Prediction"
"316",2016-04-05,611.67868636189,"Amazon Prediction"
"317",2016-04-06,616.224767160808,"Amazon Prediction"
"318",2016-04-07,616.125673204569,"Amazon Prediction"
"319",2016-04-08,616.344456694896,"Amazon Prediction"
"320",2016-04-11,619.796455783842,"Amazon Prediction"
"321",2016-04-12,621.524485453079,"Amazon Prediction"
"322",2016-04-13,629.654161552522,"Amazon Prediction"
"323",2016-04-14,636.526217412459,"Amazon Prediction"
"324",2016-04-15,640.739813066031,"Amazon Prediction"
"325",2016-04-18,646.095780556455,"Amazon Prediction"
"326",2016-04-19,646.725138695992,"Amazon Prediction"
"327",2016-04-20,647.988243125074,"Amazon Prediction"
"328",2016-04-21,649.451929520712,"Amazon Prediction"
"329",2016-04-22,639.268064376747,"Amazon Prediction"
"330",2016-04-25,642.071688262041,"Amazon Prediction"
"331",2016-04-26,642.223421932917,"Amazon Prediction"
"332",2016-04-27,631.745327062114,"Amazon Prediction"
"333",2016-04-28,630.5014442698,"Amazon Prediction"
"334",2016-04-29,668.999926556725,"Amazon Prediction"
"335",2016-05-02,681.519866894657,"Amazon Prediction"
"336",2016-05-03,683.965097839864,"Amazon Prediction"
"337",2016-05-04,678.742412304874,"Amazon Prediction"
"338",2016-05-05,677.880662643377,"Amazon Prediction"
"339",2016-05-06,678.299408804604,"Amazon Prediction"
"340",2016-05-09,688.748040214107,"Amazon Prediction"
"341",2016-05-10,703.535923359047,"Amazon Prediction"
"342",2016-05-11,711.517028838949,"Amazon Prediction"
"343",2016-05-12,719.449559477285,"Amazon Prediction"
"344",2016-05-13,716.299221922544,"Amazon Prediction"
"345",2016-05-16,713.237467775802,"Amazon Prediction"
"346",2016-05-17,709.723792500942,"Amazon Prediction"
"347",2016-05-18,703.91789759119,"Amazon Prediction"
"348",2016-05-19,705.46469099624,"Amazon Prediction"
"349",2016-05-20,712.049167392605,"Amazon Prediction"
"350",2016-05-23,711.377598273287,"Amazon Prediction"
"351",2016-05-24,712.204833150632,"Amazon Prediction"
"352",2016-05-25,717.207987015039,"Amazon Prediction"
"353",2016-05-26,720.687529544438,"Amazon Prediction"
"354",2016-05-27,722.989675231641,"Amazon Prediction"
"355",2016-05-31,725.668029393205,"Amazon Prediction"
"356",2016-06-01,729.055009612135,"Amazon Prediction"
"357",2016-06-02,731.12705873602,"Amazon Prediction"
"358",2016-06-03,732.088783915005,"Amazon Prediction"
"359",2016-06-06,735.441123785537,"Amazon Prediction"
"360",2016-06-07,734.75573246463,"Amazon Prediction"
"361",2016-06-08,735.479682101765,"Amazon Prediction"
"362",2016-06-09,735.446267260644,"Amazon Prediction"
"363",2016-06-10,730.348981889629,"Amazon Prediction"
"364",2016-06-13,727.684297579272,"Amazon Prediction"
"365",2016-06-14,729.152322831324,"Amazon Prediction"
"366",2016-06-15,730.735756282972,"Amazon Prediction"
"367",2016-06-16,726.999261266206,"Amazon Prediction"
"368",2016-06-17,722.897507108838,"Amazon Prediction"
"369",2016-06-20,728.754695623756,"Amazon Prediction"
"370",2016-06-21,730.917930986536,"Amazon Prediction"
"371",2016-06-22,728.997045521826,"Amazon Prediction"
"372",2016-06-23,732.86538317424,"Amazon Prediction"
"373",2016-06-24,714.589493102125,"Amazon Prediction"
"374",2016-06-27,710.146934316706,"Amazon Prediction"
"375",2016-06-28,721.81411198794,"Amazon Prediction"
"376",2016-06-29,732.695773480378,"Amazon Prediction"
"377",2016-06-30,733.252128023033,"Amazon Prediction"
"378",2016-07-01,737.966830075884,"Amazon Prediction"
"379",2016-07-05,741.513737543929,"Amazon Prediction"
"380",2016-07-06,745.212804452894,"Amazon Prediction"
"381",2016-07-07,750.883661312345,"Amazon Prediction"
"382",2016-07-08,755.301116294485,"Amazon Prediction"
"383",2016-07-11,763.198606611632,"Amazon Prediction"
"384",2016-07-12,760.754066412983,"Amazon Prediction"
"385",2016-07-13,759.318471618853,"Amazon Prediction"
"386",2016-07-14,759.231185367293,"Amazon Prediction"
"387",2016-07-15,755.929149063268,"Amazon Prediction"
"388",2016-07-18,752.636056021494,"Amazon Prediction"
"389",2016-07-19,754.778413651379,"Amazon Prediction"
"390",2016-07-20,760.668406362221,"Amazon Prediction"
"391",2016-07-21,762.338944575196,"Amazon Prediction"
"392",2016-07-22,763.347918013113,"Amazon Prediction"
"393",2016-07-25,760.191416300804,"Amazon Prediction"
"394",2016-07-26,757.559299941556,"Amazon Prediction"
"395",2016-07-27,756.668072886998,"Amazon Prediction"
"396",2016-07-28,761.41069427962,"Amazon Prediction"
"397",2016-07-29,772.741777993068,"Amazon Prediction"
"398",2016-08-01,777.939203589072,"Amazon Prediction"
"399",2016-08-02,776.531990322168,"Amazon Prediction"
"400",2016-08-03,772.286770322898,"Amazon Prediction"
"401",2016-08-04,774.288660927636,"Amazon Prediction"
"402",2016-08-05,781.336923264411,"Amazon Prediction"
"403",2016-08-08,782.308696567021,"Amazon Prediction"
"404",2016-08-09,785.411017618173,"Amazon Prediction"
"405",2016-08-10,786.229435548811,"Amazon Prediction"
"406",2016-08-11,787.664572843277,"Amazon Prediction"
"407",2016-08-12,788.074495591818,"Amazon Prediction"
"408",2016-08-15,787.722633668749,"Amazon Prediction"
"409",2016-08-16,785.549252086359,"Amazon Prediction"
"410",2016-08-17,783.358159839936,"Amazon Prediction"
"411",2016-08-18,784.182510015637,"Amazon Prediction"
"412",2016-08-19,780.736490156056,"Amazon Prediction"
"413",2016-08-22,779.981176710464,"Amazon Prediction"
"414",2016-08-23,784.819090671795,"Amazon Prediction"
"415",2016-08-24,782.522849250685,"Amazon Prediction"
"416",2016-08-25,781.309023748593,"Amazon Prediction"
"417",2016-08-26,786.214070763085,"Amazon Prediction"
"418",2016-08-29,792.078790003253,"Amazon Prediction"
"419",2016-08-30,791.312912936941,"Amazon Prediction"
"420",2016-08-31,790.416912723081,"Amazon Prediction"
"421",2016-09-01,792.730429995034,"Amazon Prediction"
"422",2016-09-02,795.452120727708,"Amazon Prediction"
"423",2016-09-06,800.438907333841,"Amazon Prediction"
"424",2016-09-07,806.964658986559,"Amazon Prediction"
"425",2016-09-08,805.039441158187,"Amazon Prediction"
"426",2016-09-09,792.734256668065,"Amazon Prediction"
"427",2016-09-12,789.801224174624,"Amazon Prediction"
"428",2016-09-13,790.343360669194,"Amazon Prediction"
"429",2016-09-14,789.394090909704,"Amazon Prediction"
"430",2016-09-15,791.350636018272,"Amazon Prediction"
"431",2016-09-16,798.214381414239,"Amazon Prediction"
"432",2016-09-19,802.152489508824,"Amazon Prediction"
"433",2016-09-20,803.880458926403,"Amazon Prediction"
"434",2016-09-21,809.224162052499,"Amazon Prediction"
"435",2016-09-22,819.442525703506,"Amazon Prediction"
"436",2016-09-23,824.975194966925,"Amazon Prediction"
"437",2016-09-26,822.439681624845,"Amazon Prediction"
"438",2016-09-27,827.99617213435,"Amazon Prediction"
"439",2016-09-28,839.156537873246,"Amazon Prediction"
"440",2016-09-29,844.032329015663,"Amazon Prediction"
"441",2016-09-30,849.213705388617,"Amazon Prediction"
"442",2016-10-03,851.434618061213,"Amazon Prediction"
"443",2016-10-04,852.312774995622,"Amazon Prediction"
"444",2016-10-05,855.472957218807,"Amazon Prediction"
"445",2016-10-06,858.176383562253,"Amazon Prediction"
"446",2016-10-07,857.807738929331,"Amazon Prediction"
"447",2016-10-10,859.244858156579,"Amazon Prediction"
"448",2016-10-11,852.512669524784,"Amazon Prediction"
"449",2016-10-12,852.710032733326,"Amazon Prediction"
"450",2016-10-13,847.668814861021,"Amazon Prediction"
"451",2016-10-14,849.099089354465,"Amazon Prediction"
"452",2016-10-17,839.942840243659,"Amazon Prediction"
"453",2016-10-18,842.88992412329,"Amazon Prediction"
"454",2016-10-19,842.761486412577,"Amazon Prediction"
"455",2016-10-20,836.211385457793,"Amazon Prediction"
"456",2016-10-21,839.508320595906,"Amazon Prediction"
"457",2016-10-24,852.0605551769,"Amazon Prediction"
"458",2016-10-25,858.325462707498,"Amazon Prediction"
"459",2016-10-26,849.848529807099,"Amazon Prediction"
"460",2016-10-27,845.068211634061,"Amazon Prediction"
"461",2016-10-28,808.707431674826,"Amazon Prediction"
"462",2016-10-31,818.022907345836,"Amazon Prediction"
"463",2016-11-01,821.732988401606,"Amazon Prediction"
"464",2016-11-02,809.789348545606,"Amazon Prediction"
"465",2016-11-03,806.288330573093,"Amazon Prediction"
"466",2016-11-04,798.577139547995,"Amazon Prediction"
"467",2016-11-07,813.707818104836,"Amazon Prediction"
"468",2016-11-08,821.606313676954,"Amazon Prediction"
"469",2016-11-09,804.132446729243,"Amazon Prediction"
"470",2016-11-10,790.042653905587,"Amazon Prediction"
"471",2016-11-11,781.703495884744,"Amazon Prediction"
"472",2016-11-14,776.516000948702,"Amazon Prediction"
"473",2016-11-15,782.330705859606,"Amazon Prediction"
"474",2016-11-16,790.190851958573,"Amazon Prediction"
"475",2016-11-17,798.155101610256,"Amazon Prediction"
"476",2016-11-18,804.786224733761,"Amazon Prediction"
"477",2016-11-21,813.931661426429,"Amazon Prediction"
"478",2016-11-22,824.46344150288,"Amazon Prediction"
"479",2016-11-23,820.346629551122,"Amazon Prediction"
"480",2016-11-25,825.045302669602,"Amazon Prediction"
"481",2016-11-28,814.461608217644,"Amazon Prediction"
"482",2016-11-29,811.213295332489,"Amazon Prediction"
"483",2016-11-30,804.412613061996,"Amazon Prediction"
"484",2016-12-01,796.254758441947,"Amazon Prediction"
"485",2016-12-02,793.879597827517,"Amazon Prediction"
"486",2016-12-05,801.442708548225,"Amazon Prediction"
"487",2016-12-06,811.202636240544,"Amazon Prediction"
"488",2016-12-07,812.976576463133,"Amazon Prediction"
"489",2016-12-08,816.998624635327,"Amazon Prediction"
"490",2016-12-09,817.149150080915,"Amazon Prediction"
"491",2016-12-12,812.714713950514,"Amazon Prediction"
"492",2016-12-13,817.618805594294,"Amazon Prediction"
"493",2016-12-14,819.135294426846,"Amazon Prediction"
"494",2016-12-15,814.192689064662,"Amazon Prediction"
"495",2016-12-16,810.782730575662,"Amazon Prediction"
"496",2016-12-19,814.661019115635,"Amazon Prediction"
"497",2016-12-20,821.245247385913,"Amazon Prediction"
"498",2016-12-21,821.230871993916,"Amazon Prediction"
"499",2016-12-22,819.421514731774,"Amazon Prediction"
"500",2016-12-23,816.481846590638,"Amazon Prediction"
"501",2016-12-27,820.767861200329,"Amazon Prediction"
"502",2016-12-28,826.039689545663,"Amazon Prediction"
"503",2016-12-29,821.192103218919,"Amazon Prediction"
"504",2016-12-30,812.948290375244,"Amazon Prediction"
"505",2017-01-03,811.48423829462,"Amazon Prediction"
"506",2017-01-04,814.858971499814,"Amazon Prediction"
"507",2017-01-05,823.244668654159,"Amazon Prediction"
"508",2017-01-06,837.372497579488,"Amazon Prediction"
"509",2017-01-09,846.271536841117,"Amazon Prediction"
"510",2017-01-10,845.674018342954,"Amazon Prediction"
"511",2017-01-11,845.973652606016,"Amazon Prediction"
"512",2017-01-12,853.713905728866,"Amazon Prediction"
"513",2017-01-13,862.088824097272,"Amazon Prediction"
"514",2017-01-17,859.056093280878,"Amazon Prediction"
"515",2017-01-18,858.146562626837,"Amazon Prediction"
"516",2017-01-19,859.664368273228,"Amazon Prediction"
"517",2017-01-20,860.465085877906,"Amazon Prediction"
"518",2017-01-23,861.999161905276,"Amazon Prediction"
"519",2017-01-24,868.919684956558,"Amazon Prediction"
"520",2017-01-25,876.679295971328,"Amazon Prediction"
"521",2017-01-26,882.421280753258,"Amazon Prediction"
"522",2017-01-27,881.724254635521,"Amazon Prediction"
"523",2017-01-30,875.722801403392,"Amazon Prediction"
"524",2017-01-31,872.774438809575,"Amazon Prediction"
"525",2017-02-01,877.681674684325,"Amazon Prediction"
"526",2017-02-02,880.426292676362,"Amazon Prediction"
"527",2017-02-03,856.879309124342,"Amazon Prediction"
"528",2017-02-06,861.51925505622,"Amazon Prediction"
"529",2017-02-07,864.981342147363,"Amazon Prediction"
"530",2017-02-08,869.868904887104,"Amazon Prediction"
"531",2017-02-09,874.632018229626,"Amazon Prediction"
"532",2017-02-10,877.81967013816,"Amazon Prediction"
"533",2017-02-13,884.291388048362,"Amazon Prediction"
"534",2017-02-14,886.405745673079,"Amazon Prediction"
"535",2017-02-15,888.380582546676,"Amazon Prediction"
"536",2017-02-16,892.416461891978,"Amazon Prediction"
"537",2017-02-17,893.333895175942,"Amazon Prediction"
"538",2017-02-21,900.626285356922,"Amazon Prediction"
"539",2017-02-22,904.125667192578,"Amazon Prediction"
"540",2017-02-23,902.857523908409,"Amazon Prediction"
"541",2017-02-24,894.234765985455,"Amazon Prediction"
"542",2017-02-27,897.491296486573,"Amazon Prediction"
"543",2017-02-28,899.56596012649,"Amazon Prediction"
"544",2017-03-01,903.31631360257,"Amazon Prediction"
"545",2017-03-02,902.988519883686,"Amazon Prediction"
"546",2017-03-03,901.777641836335,"Amazon Prediction"
"547",2017-03-06,899.112461418325,"Amazon Prediction"
"548",2017-03-07,900.172099992297,"Amazon Prediction"
"549",2017-03-08,903.313539547847,"Amazon Prediction"
"550",2017-03-09,906.230971051866,"Amazon Prediction"
"551",2017-03-10,907.751550362339,"Amazon Prediction"
"552",2017-03-13,907.849078886846,"Amazon Prediction"
"553",2017-03-14,906.73826420154,"Amazon Prediction"
"554",2017-03-15,906.996770416585,"Amazon Prediction"
"555",2017-03-16,909.046620153576,"Amazon Prediction"
"556",2017-03-17,907.263406233963,"Amazon Prediction"
"557",2017-03-20,910.104763781432,"Amazon Prediction"
"558",2017-03-21,906.492864139504,"Amazon Prediction"
"559",2017-03-22,902.580743025886,"Amazon Prediction"
"560",2017-03-23,906.262377583726,"Amazon Prediction"
"561",2017-03-24,906.682907560945,"Amazon Prediction"
"562",2017-03-27,902.116333529606,"Amazon Prediction"
"563",2017-03-28,911.490074655734,"Amazon Prediction"
"564",2017-03-29,920.866859628307,"Amazon Prediction"
"565",2017-03-30,928.651842255441,"Amazon Prediction"
"566",2017-03-31,933.946920874133,"Amazon Prediction"
"567",2017-04-03,940.392609236369,"Amazon Prediction"
"568",2017-04-04,946.988603868953,"Amazon Prediction"
"569",2017-04-05,955.426506404478,"Amazon Prediction"
"570",2017-04-06,951.651725679025,"Amazon Prediction"
"571",2017-04-07,946.391029411063,"Amazon Prediction"
"572",2017-04-10,953.312534283504,"Amazon Prediction"
"573",2017-04-11,954.511871006779,"Amazon Prediction"
"574",2017-04-12,951.499300326063,"Amazon Prediction"
"575",2017-04-13,942.853431121316,"Amazon Prediction"
"576",2017-04-17,948.482826788234,"Amazon Prediction"
"577",2017-04-18,955.649885691889,"Amazon Prediction"
"578",2017-04-19,955.996065267179,"Amazon Prediction"
"579",2017-04-20,954.145789831202,"Amazon Prediction"
"580",2017-04-21,954.438580215122,"Amazon Prediction"
"581",2017-04-24,959.967913809282,"Amazon Prediction"
"582",2017-04-25,959.547265465315,"Amazon Prediction"
"583",2017-04-26,963.552168083348,"Amazon Prediction"
"584",2017-04-27,966.345351455883,"Amazon Prediction"
"585",2017-04-28,980.686571534236,"Amazon Prediction"
"586",2017-05-01,984.916124158777,"Amazon Prediction"
"587",2017-05-02,991.780824673308,"Amazon Prediction"
"588",2017-05-03,989.156900053695,"Amazon Prediction"
"589",2017-05-04,988.965542165612,"Amazon Prediction"
"590",2017-05-05,985.86483287835,"Amazon Prediction"
"591",2017-05-08,992.357161987987,"Amazon Prediction"
"592",2017-05-09,999.6966153383,"Amazon Prediction"
"593",2017-05-10,998.51169399693,"Amazon Prediction"
"594",2017-05-11,995.378618041938,"Amazon Prediction"
"595",2017-05-12,1003.57501599699,"Amazon Prediction"
"596",2017-05-15,1004.75494579075,"Amazon Prediction"
"597",2017-05-16,1010.3115350372,"Amazon Prediction"
"598",2017-05-17,998.44012847442,"Amazon Prediction"
"599",2017-05-18,1001.0978523248,"Amazon Prediction"
"600",2017-05-19,1009.27344514275,"Amazon Prediction"
"601",2017-05-22,1014.37896179304,"Amazon Prediction"
"602",2017-05-23,1018.69239784892,"Amazon Prediction"
"603",2017-05-24,1022.6893635817,"Amazon Prediction"
"604",2017-05-25,1031.16358778835,"Amazon Prediction"
"605",2017-05-26,1036.34473748072,"Amazon Prediction"
"606",2017-05-30,1039.42536435794,"Amazon Prediction"
"607",2017-05-31,1036.64514052522,"Amazon Prediction"
"608",2017-06-01,1039.73082743183,"Amazon Prediction"
"609",2017-06-02,1043.87224842083,"Amazon Prediction"
"610",2017-06-05,1050.23801965851,"Amazon Prediction"
"611",2017-06-06,1049.52462099622,"Amazon Prediction"
"612",2017-06-07,1049.43563685094,"Amazon Prediction"
"613",2017-06-08,1052.47581308552,"Amazon Prediction"
"614",2017-06-09,1026.95405698948,"Amazon Prediction"
"615",2017-06-12,1011.11541894933,"Amazon Prediction"
"616",2017-06-13,1026.4008843713,"Amazon Prediction"
"617",2017-06-14,1029.64941219884,"Amazon Prediction"
"618",2017-06-15,1012.80921398972,"Amazon Prediction"
"619",2017-06-16,1032.70994536734,"Amazon Prediction"
"620",2017-06-19,1048.86350292176,"Amazon Prediction"
"621",2017-06-20,1043.88278874618,"Amazon Prediction"
"622",2017-06-21,1046.87068121896,"Amazon Prediction"
"623",2017-06-22,1049.94246983706,"Amazon Prediction"
"624",2017-06-23,1050.0105189822,"Amazon Prediction"
"625",2017-06-26,1049.22849972736,"Amazon Prediction"
"626",2017-06-27,1037.15093028364,"Amazon Prediction"
"627",2017-06-28,1034.92695700844,"Amazon Prediction"
"628",2017-06-29,1030.67296719932,"Amazon Prediction"
"629",2017-06-30,1030.06924935578,"Amazon Prediction"
"630",2017-07-03,1021.81137842819,"Amazon Prediction"
"631",2017-07-05,1023.91183435424,"Amazon Prediction"
"632",2017-07-06,1024.55395403681,"Amazon Prediction"
"633",2017-07-07,1032.08201484243,"Amazon Prediction"
"634",2017-07-10,1044.9419592764,"Amazon Prediction"
"635",2017-07-11,1046.18136627958,"Amazon Prediction"
"636",2017-07-12,1055.1543946803,"Amazon Prediction"
"637",2017-07-13,1054.9192724515,"Amazon Prediction"
"638",2017-07-14,1055.4000000444,"Amazon Prediction"
"639",2017-07-17,1060.0886653717,"Amazon Prediction"
"640",2017-07-18,1065.45931035977,"Amazon Prediction"
"641",2017-07-19,1075.4784611448,"Amazon Prediction"
"642",2017-07-20,1077.97616394568,"Amazon Prediction"
"643",2017-07-21,1072.03044612779,"Amazon Prediction"
"644",2017-07-24,1082.62808386899,"Amazon Prediction"
"645",2017-07-25,1086.73753555654,"Amazon Prediction"
"646",2017-07-26,1094.22003968369,"Amazon Prediction"
"647",2017-07-27,1096.97671513876,"Amazon Prediction"
"648",2017-07-28,1066.35098544421,"Amazon Prediction"
"649",2017-07-31,1056.81419663519,"Amazon Prediction"
"650",2017-08-01,1055.07103638185,"Amazon Prediction"
"651",2017-08-02,1054.27414911047,"Amazon Prediction"
"652",2017-08-03,1052.89922654725,"Amazon Prediction"
"653",2017-08-04,1049.87031728639,"Amazon Prediction"
"654",2017-08-07,1053.2595952042,"Amazon Prediction"
"655",2017-08-08,1053.61540415648,"Amazon Prediction"
"656",2017-08-09,1045.930761887,"Amazon Prediction"
"657",2017-08-10,1032.78370406137,"Amazon Prediction"
"658",2017-08-11,1031.4497323338,"Amazon Prediction"
"659",2017-08-14,1046.62484073713,"Amazon Prediction"
"660",2017-08-15,1051.7075463992,"Amazon Prediction"
"661",2017-08-16,1046.52000967245,"Amazon Prediction"
"662",2017-08-17,1038.14311767567,"Amazon Prediction"
"663",2017-08-18,1031.56226835848,"Amazon Prediction"
"664",2017-08-21,1027.86277684377,"Amazon Prediction"
"665",2017-08-22,1034.06856545243,"Amazon Prediction"
"666",2017-08-23,1032.05738829691,"Amazon Prediction"
"667",2017-08-24,1025.72241765929,"Amazon Prediction"
"668",2017-08-25,1026.18577739655,"Amazon Prediction"
"669",2017-08-28,1024.42917115726,"Amazon Prediction"
"670",2017-08-29,1024.25318603215,"Amazon Prediction"
"671",2017-08-30,1037.39863734478,"Amazon Prediction"
"672",2017-08-31,1048.41922059234,"Amazon Prediction"
"673",2017-09-01,1052.23826211477,"Amazon Prediction"
"674",2017-09-05,1043.68754527558,"Amazon Prediction"
"675",2017-09-06,1042.84546888433,"Amazon Prediction"
"676",2017-09-07,1050.23985523899,"Amazon Prediction"
"677",2017-09-08,1046.92335441955,"Amazon Prediction"
"678",2017-09-11,1051.8338223633,"Amazon Prediction"
"679",2017-09-12,1055.30494780223,"Amazon Prediction"
"680",2017-09-13,1062.09814731352,"Amazon Prediction"
"681",2017-09-14,1064.37362484095,"Amazon Prediction"
"682",2017-09-15,1061.84854277422,"Amazon Prediction"
"683",2017-09-18,1055.94472044853,"Amazon Prediction"
"684",2017-09-19,1050.54064254726,"Amazon Prediction"
"685",2017-09-20,1048.58687950905,"Amazon Prediction"
"686",2017-09-21,1046.95499887086,"Amazon Prediction"
"687",2017-09-22,1040.50166331713,"Amazon Prediction"
"688",2017-09-25,1026.46601332299,"Amazon Prediction"
"689",2017-09-26,1026.69763085608,"Amazon Prediction"
"690",2017-09-27,1033.80708235999,"Amazon Prediction"
"691",2017-09-28,1038.65034047004,"Amazon Prediction"
"692",2017-09-29,1044.13662528962,"Amazon Prediction"
"693",2017-10-02,1044.37057494314,"Amazon Prediction"
"694",2017-10-03,1041.90397788343,"Amazon Prediction"
"695",2017-10-04,1044.76002617368,"Amazon Prediction"
"696",2017-10-05,1056.29567832424,"Amazon Prediction"
"697",2017-10-06,1062.89372523408,"Amazon Prediction"
"698",2017-10-09,1070.69618935683,"Amazon Prediction"
"699",2017-10-10,1069.25227161718,"Amazon Prediction"
"700",2017-10-11,1071.49718484404,"Amazon Prediction"
"701",2017-10-12,1076.26853175764,"Amazon Prediction"
"702",2017-10-13,1081.84130407193,"Amazon Prediction"
"703",2017-10-16,1084.05929542352,"Amazon Prediction"
"704",2017-10-17,1085.15275600088,"Amazon Prediction"
"705",2017-10-18,1084.19807609105,"Amazon Prediction"
"706",2017-10-19,1069.04821664317,"Amazon Prediction"
"707",2017-10-20,1070.95690699902,"Amazon Prediction"
"708",2017-10-23,1060.70715995236,"Amazon Prediction"
"709",2017-10-24,1059.27605415354,"Amazon Prediction"
"710",2017-10-25,1061.6241737743,"Amazon Prediction"
"711",2017-10-26,1060.3768356714,"Amazon Prediction"
"712",2017-10-27,1131.86054251902,"Amazon Prediction"
"713",2017-10-30,1161.30948841498,"Amazon Prediction"
"714",2017-10-31,1164.89917157102,"Amazon Prediction"
"715",2017-11-01,1162.82265465106,"Amazon Prediction"
"716",2017-11-02,1156.58308292062,"Amazon Prediction"
"717",2017-11-03,1161.36817644981,"Amazon Prediction"
"718",2017-11-06,1173.94137423806,"Amazon Prediction"
"719",2017-11-07,1181.03916088048,"Amazon Prediction"
"720",2017-11-08,1184.25027971178,"Amazon Prediction"
"721",2017-11-09,1181.71687749519,"Amazon Prediction"
"722",2017-11-10,1184.62000495532,"Amazon Prediction"
"723",2017-11-13,1185.98887657859,"Amazon Prediction"
"724",2017-11-14,1188.94992636747,"Amazon Prediction"
"725",2017-11-15,1184.39786079638,"Amazon Prediction"
"726",2017-11-16,1191.68293488599,"Amazon Prediction"
"727",2017-11-17,1191.24158543999,"Amazon Prediction"
"728",2017-11-20,1188.00844747621,"Amazon Prediction"
"729",2017-11-21,1193.63774033535,"Amazon Prediction"
"730",2017-11-22,1204.35509464374,"Amazon Prediction"
"731",2017-11-24,1223.4784546074,"Amazon Prediction"
"732",2017-11-27,1242.60476136127,"Amazon Prediction"
"733",2017-11-28,1242.60736430539,"Amazon Prediction"
"734",2017-11-29,1220.28157929774,"Amazon Prediction"
"735",2017-11-30,1221.92835747939,"Amazon Prediction"
"736",2017-12-01,1219.3323214151,"Amazon Prediction"
"737",2017-12-04,1207.63025789154,"Amazon Prediction"
"738",2017-12-05,1198.44452077218,"Amazon Prediction"
"739",2017-12-06,1205.33337138591,"Amazon Prediction"
"740",2017-12-07,1215.32325677411,"Amazon Prediction"
"741",2017-12-08,1221.35629745479,"Amazon Prediction"
"742",2017-12-11,1222.15858407173,"Amazon Prediction"
"743",2017-12-12,1223.81853018172,"Amazon Prediction"
"744",2017-12-13,1223.53069977489,"Amazon Prediction"
"745",2017-12-14,1225.93350078356,"Amazon Prediction"
"746",2017-12-15,1231.18983495,"Amazon Prediction"
"747",2017-12-18,1241.69998966798,"Amazon Prediction"
"748",2017-12-19,1241.32988244285,"Amazon Prediction"
"749",2017-12-20,1239.17307577845,"Amazon Prediction"
"750",2017-12-21,1232.39529829749,"Amazon Prediction"
"751",2017-12-22,1230.32089797354,"Amazon Prediction"
"752",2017-12-26,1230.9047930599,"Amazon Prediction"
"753",2017-12-27,1239.33918601215,"Amazon Prediction"
"754",2017-12-28,1244.45784368751,"Amazon Prediction"
"755",2017-12-29,1235.04922525426,"Amazon Prediction"
"756",2018-01-02,1239.34653156711,"Amazon Prediction"
"757",2018-01-03,1251.94523958366,"Amazon Prediction"
"758",2018-01-04,1261.8371298766,"Amazon Prediction"
"759",2018-01-05,1271.59091913298,"Amazon Prediction"
"760",2018-01-08,1287.57556320354,"Amazon Prediction"
"761",2018-01-09,1296.69018701731,"Amazon Prediction"
"762",2018-01-10,1293.99763717668,"Amazon Prediction"
"763",2018-01-11,1309.27206885411,"Amazon Prediction"
"764",2018-01-12,1324.86675576215,"Amazon Prediction"
"765",2018-01-16,1343.94998306196,"Amazon Prediction"
"766",2018-01-17,1334.60782455815,"Amazon Prediction"
"767",2018-01-18,1330.8744933037,"Amazon Prediction"
"768",2018-01-19,1337.86343978172,"Amazon Prediction"
"769",2018-01-22,1345.8670846168,"Amazon Prediction"
"770",2018-01-23,1375.386768542,"Amazon Prediction"
"771",2018-01-24,1385.08491040131,"Amazon Prediction"
"772",2018-01-25,1391.74099417489,"Amazon Prediction"
"773",2018-01-26,1410.58213228017,"Amazon Prediction"
"774",2018-01-29,1426.26440519928,"Amazon Prediction"
"775",2018-01-30,1429.08917738429,"Amazon Prediction"
"776",2018-01-31,1458.6662877243,"Amazon Prediction"
"777",2018-02-01,1428.41361139693,"Amazon Prediction"
"778",2018-02-02,1454.22029369914,"Amazon Prediction"
"779",2018-02-05,1406.34989016243,"Amazon Prediction"
"780",2018-02-06,1412.69734573838,"Amazon Prediction"
"781",2018-02-07,1443.69562908375,"Amazon Prediction"
"782",2018-02-08,1408.04446877907,"Amazon Prediction"
"783",2018-02-09,1364.67864956892,"Amazon Prediction"
"784",2018-02-12,1396.0629052419,"Amazon Prediction"
"785",2018-02-13,1419.47183977727,"Amazon Prediction"
"786",2018-02-14,1440.97793983885,"Amazon Prediction"
"787",2018-02-15,1465.18945529626,"Amazon Prediction"
"788",2018-02-16,1463.37548004635,"Amazon Prediction"
"789",2018-02-20,1468.62070470334,"Amazon Prediction"
"790",2018-02-21,1488.61058012503,"Amazon Prediction"
"791",2018-02-22,1491.76444926678,"Amazon Prediction"
"792",2018-02-23,1496.94415697843,"Amazon Prediction"
"793",2018-02-26,1512.51049134536,"Amazon Prediction"
"794",2018-02-27,1514.74239632587,"Amazon Prediction"
"795",2018-02-28,1515.74506129289,"Amazon Prediction"
"796",2018-03-01,1498.09519575438,"Amazon Prediction"
"797",2018-03-02,1486.04781358066,"Amazon Prediction"
"798",2018-03-05,1506.95875602419,"Amazon Prediction"
"799",2018-03-06,1530.57833366249,"Amazon Prediction"
"800",2018-03-07,1531.0108686882,"Amazon Prediction"
"801",2018-03-08,1543.6689424691,"Amazon Prediction"
"802",2018-03-09,1558.71038104193,"Amazon Prediction"
"803",2018-03-12,1578.73819153905,"Amazon Prediction"
"804",2018-03-13,1581.09939399327,"Amazon Prediction"
"805",2018-03-14,1580.55705341661,"Amazon Prediction"
"806",2018-03-15,1574.58972765399,"Amazon Prediction"
"807",2018-03-16,1565.97535921278,"Amazon Prediction"
"808",2018-03-19,1541.14804136125,"Amazon Prediction"
"809",2018-03-20,1559.26161827749,"Amazon Prediction"
"810",2018-03-21,1569.57667094426,"Amazon Prediction"
"811",2018-03-22,1550.13716375324,"Amazon Prediction"
"812",2018-03-23,1520.26004712145,"Amazon Prediction"
"813",2018-03-26,1535.15978986743,"Amazon Prediction"
"814",2018-03-27,1531.3166758189,"Amazon Prediction"
"815",2018-03-28,1447.12754976689,"Amazon Prediction"
"816",2018-03-29,1439.35555334041,"Amazon Prediction"
"817",2018-04-02,1420.66148903119,"Amazon Prediction"
"818",2018-04-03,1418.69823700597,"Amazon Prediction"
"819",2018-04-04,1418.66727504027,"Amazon Prediction"
"820",2018-04-05,1466.80218494739,"Amazon Prediction"
"821",2018-04-06,1449.45956480149,"Amazon Prediction"
"822",2018-04-09,1448.36790668395,"Amazon Prediction"
"823",2018-04-10,1458.48025478515,"Amazon Prediction"
"824",2018-04-11,1462.79229032976,"Amazon Prediction"
"825",2018-04-12,1470.34399964029,"Amazon Prediction"
"826",2018-04-13,1467.99906082229,"Amazon Prediction"
"827",2018-04-16,1468.72060112746,"Amazon Prediction"
"828",2018-04-17,1500.15009204599,"Amazon Prediction"
"829",2018-04-18,1529.59036853649,"Amazon Prediction"
"830",2018-04-19,1553.64976716896,"Amazon Prediction"
"831",2018-04-20,1546.51800483989,"Amazon Prediction"
"832",2018-04-23,1538.2435509054,"Amazon Prediction"
"833",2018-04-24,1510.21212467983,"Amazon Prediction"
"834",2018-04-25,1476.32326149827,"Amazon Prediction"
"835",2018-04-26,1515.35660721543,"Amazon Prediction"
"836",2018-04-27,1590.13390522326,"Amazon Prediction"
"837",2018-04-30,1576.26352404086,"Amazon Prediction"
"838",2018-05-01,1572.90976497108,"Amazon Prediction"
"839",2018-05-02,1577.82759378511,"Amazon Prediction"
"840",2018-05-03,1568.01874653711,"Amazon Prediction"
"841",2018-05-04,1576.33437651023,"Amazon Prediction"
"842",2018-05-07,1594.87728445989,"Amazon Prediction"
"843",2018-05-08,1592.37572454638,"Amazon Prediction"
"844",2018-05-09,1600.27583101264,"Amazon Prediction"
"845",2018-05-10,1606.8228998376,"Amazon Prediction"
"846",2018-05-11,1604.90414993585,"Amazon Prediction"
"847",2018-05-14,1604.11560515357,"Amazon Prediction"
"848",2018-05-15,1582.89071172721,"Amazon Prediction"
"849",2018-05-16,1588.97025308976,"Amazon Prediction"
"850",2018-05-17,1588.34079399859,"Amazon Prediction"
"851",2018-05-18,1584.77529589707,"Amazon Prediction"
"852",2018-05-21,1590.21452239669,"Amazon Prediction"
"853",2018-05-22,1590.96893954477,"Amazon Prediction"
"854",2018-05-23,1591.21282389681,"Amazon Prediction"
"855",2018-05-24,1602.49307666608,"Amazon Prediction"
"856",2018-05-25,1609.26342670087,"Amazon Prediction"
"857",2018-05-29,1610.56165463878,"Amazon Prediction"
"858",2018-05-30,1620.68235713391,"Amazon Prediction"
"859",2018-05-31,1626.05960575427,"Amazon Prediction"
"860",2018-06-01,1636.2725393309,"Amazon Prediction"
"861",2018-06-04,1649.5984794233,"Amazon Prediction"
"862",2018-06-05,1670.63153517149,"Amazon Prediction"
"863",2018-06-06,1682.57271153001,"Amazon Prediction"
"864",2018-06-07,1677.00732351732,"Amazon Prediction"
"865",2018-06-08,1670.95535650638,"Amazon Prediction"
"866",2018-06-11,1675.53911425207,"Amazon Prediction"
"867",2018-06-12,1683.19675447158,"Amazon Prediction"
"868",2018-06-13,1690.18210358246,"Amazon Prediction"
"869",2018-06-14,1700.26356431199,"Amazon Prediction"
"870",2018-06-15,1697.02060935288,"Amazon Prediction"
"871",2018-06-18,1698.94618614245,"Amazon Prediction"
"872",2018-06-19,1702.38120100218,"Amazon Prediction"
"873",2018-06-20,1725.36011241628,"Amazon Prediction"
"874",2018-06-21,1720.00631601627,"Amazon Prediction"
"875",2018-06-22,1709.83903206796,"Amazon Prediction"
"876",2018-06-25,1669.3708057023,"Amazon Prediction"
"877",2018-06-26,1674.58248484301,"Amazon Prediction"
"878",2018-06-27,1676.7393527724,"Amazon Prediction"
"879",2018-06-28,1677.50425417197,"Amazon Prediction"
"880",2018-06-29,1696.0453430096,"Amazon Prediction"
"881",2018-07-02,1688.81692222729,"Amazon Prediction"
"882",2018-07-03,1698.99720780047,"Amazon Prediction"
"883",2018-07-05,1691.56229221981,"Amazon Prediction"
"884",2018-07-06,1695.24124241057,"Amazon Prediction"
"885",2018-07-09,1716.02816362328,"Amazon Prediction"
"886",2018-07-10,1724.86440177851,"Amazon Prediction"
"887",2018-07-11,1729.18640662642,"Amazon Prediction"
"888",2018-07-12,1755.17159917126,"Amazon Prediction"
"889",2018-07-13,1776.27980606463,"Amazon Prediction"
"890",2018-07-16,1790.23692132586,"Amazon Prediction"
"891",2018-07-17,1791.09391098958,"Amazon Prediction"
"892",2018-07-18,1806.97212171858,"Amazon Prediction"
"893",2018-07-19,1790.60833222148,"Amazon Prediction"
"894",2018-07-20,1789.4311959391,"Amazon Prediction"
"895",2018-07-23,1774.29934852385,"Amazon Prediction"
"896",2018-07-24,1794.69855956899,"Amazon Prediction"
"897",2018-07-25,1809.45571075011,"Amazon Prediction"
"898",2018-07-26,1788.48719694998,"Amazon Prediction"
"899",2018-07-27,1805.16820639926,"Amazon Prediction"
"900",2018-07-30,1773.69651783631,"Amazon Prediction"
"901",2018-07-31,1755.87241635827,"Amazon Prediction"
"902",2018-08-01,1767.45135146245,"Amazon Prediction"
"903",2018-08-02,1785.12008742437,"Amazon Prediction"
"904",2018-08-03,1801.29367376143,"Amazon Prediction"
"905",2018-08-06,1805.22624062398,"Amazon Prediction"
"906",2018-08-07,1823.60236277146,"Amazon Prediction"
"907",2018-08-08,1835.23007550407,"Amazon Prediction"
"908",2018-08-09,1850.19863661446,"Amazon Prediction"
"909",2018-08-10,1847.60790965214,"Amazon Prediction"
"910",2018-08-13,1858.48876866903,"Amazon Prediction"
"911",2018-08-14,1869.16734435298,"Amazon Prediction"
"912",2018-08-15,1850.4494954176,"Amazon Prediction"
"913",2018-08-16,1854.03111455858,"Amazon Prediction"
"914",2018-08-17,1841.10170907205,"Amazon Prediction"
"915",2018-08-20,1845.31978089376,"Amazon Prediction"
"916",2018-08-21,1847.52468848659,"Amazon Prediction"
"917",2018-08-22,1853.42180238401,"Amazon Prediction"
"918",2018-08-23,1866.24013277548,"Amazon Prediction"
"919",2018-08-24,1867.98893379243,"Amazon Prediction"
"920",2018-08-27,1876.77134062119,"Amazon Prediction"
"921",2018-08-28,1889.42289316342,"Amazon Prediction"
"922",2018-08-29,1917.73109538929,"Amazon Prediction"
"923",2018-08-30,1939.42505821272,"Amazon Prediction"
"924",2018-08-31,1949.00337202807,"Amazon Prediction"
"925",2018-09-04,1964.55141928912,"Amazon Prediction"
"926",2018-09-05,1949.82298349712,"Amazon Prediction"
"927",2018-09-06,1920.37019676415,"Amazon Prediction"
"928",2018-09-07,1902.69978568302,"Amazon Prediction"
"929",2018-09-10,1905.66214955259,"Amazon Prediction"
"930",2018-09-11,1906.97996379588,"Amazon Prediction"
"931",2018-09-12,1932.134441057,"Amazon Prediction"
"932",2018-09-13,1939.77452413183,"Amazon Prediction"
"933",2018-09-14,1927.45035817824,"Amazon Prediction"
"934",2018-09-17,1884.47908173712,"Amazon Prediction"
"935",2018-09-18,1892.36041715774,"Amazon Prediction"
"936",2018-09-19,1888.77636117583,"Amazon Prediction"
"937",2018-09-20,1901.08271554362,"Amazon Prediction"
"938",2018-09-21,1891.84314024858,"Amazon Prediction"
"939",2018-09-24,1875.72870630163,"Amazon Prediction"
"940",2018-09-25,1913.28711231671,"Amazon Prediction"
"941",2018-09-26,1926.97465061165,"Amazon Prediction"
"942",2018-09-27,1948.89414675867,"Amazon Prediction"
"943",2018-09-28,1953.15399334896,"Amazon Prediction"
"944",2018-10-01,1960.58896472796,"Amazon Prediction"
"945",2018-10-02,1937.35093458622,"Amazon Prediction"
"946",2018-10-03,1922.92235244532,"Amazon Prediction"
"947",2018-10-04,1889.83864084593,"Amazon Prediction"
"948",2018-10-05,1868.82146462629,"Amazon Prediction"
"949",2018-10-08,1843.96135119905,"Amazon Prediction"
"950",2018-10-09,1848.10119354536,"Amazon Prediction"
"951",2018-10-10,1793.78502337498,"Amazon Prediction"
"952",2018-10-11,1725.36967523356,"Amazon Prediction"
"953",2018-10-12,1780.72010337451,"Amazon Prediction"
"954",2018-10-15,1771.48418851111,"Amazon Prediction"
"955",2018-10-16,1792.5660164476,"Amazon Prediction"
"956",2018-10-17,1820.10959832924,"Amazon Prediction"
"957",2018-10-18,1793.31178158204,"Amazon Prediction"
"958",2018-10-19,1778.30933068878,"Amazon Prediction"
"959",2018-10-22,1785.43212010773,"Amazon Prediction"
"960",2018-10-23,1757.20782536046,"Amazon Prediction"
"961",2018-10-24,1731.8559899271,"Amazon Prediction"
"962",2018-10-25,1749.33758723437,"Amazon Prediction"
"963",2018-10-26,1672.09626126853,"Amazon Prediction"
"964",2018-10-29,1627.58314556584,"Amazon Prediction"
"965",2018-10-30,1566.20041206768,"Amazon Prediction"
"966",2018-10-31,1631.86701949325,"Amazon Prediction"
"967",2018-11-01,1672.29915299854,"Amazon Prediction"
"968",2018-11-02,1699.90785629856,"Amazon Prediction"
"969",2018-11-05,1671.60120834892,"Amazon Prediction"
"970",2018-11-06,1673.32520365433,"Amazon Prediction"
"971",2018-11-07,1731.01144945949,"Amazon Prediction"
"972",2018-11-08,1765.16543264989,"Amazon Prediction"
"973",2018-11-09,1741.03295402524,"Amazon Prediction"
"974",2018-11-12,1698.47668502543,"Amazon Prediction"
"975",2018-11-13,1679.68821564838,"Amazon Prediction"
"976",2018-11-14,1670.53727070697,"Amazon Prediction"
"977",2018-11-15,1639.54883458344,"Amazon Prediction"
"978",2018-11-16,1641.17753435571,"Amazon Prediction"
"979",2018-11-19,1602.27040377641,"Amazon Prediction"
"980",2018-11-20,1544.53076851835,"Amazon Prediction"
"981",2018-11-21,1595.19664909308,"Amazon Prediction"
"982",2018-11-23,1584.93023942381,"Amazon Prediction"
"983",2018-11-26,1616.21759112517,"Amazon Prediction"
"984",2018-11-27,1633.20496703507,"Amazon Prediction"
"985",2018-11-28,1682.2219518489,"Amazon Prediction"
"986",2018-11-29,1706.70870731935,"Amazon Prediction"
"987",2018-11-30,1715.79444681284,"Amazon Prediction"
"988",2018-12-03,1777.32173349156,"Amazon Prediction"
"989",2018-12-04,1738.81061311472,"Amazon Prediction"
"990",2018-12-06,1693.81965780349,"Amazon Prediction"
"991",2018-12-07,1705.27782219229,"Amazon Prediction"
"992",2018-12-10,1674.06295465114,"Amazon Prediction"
"993",2018-12-11,1696.06487749351,"Amazon Prediction"
"994",2018-12-12,1711.27890479209,"Amazon Prediction"
"995",2018-12-13,1707.60154934832,"Amazon Prediction"
"996",2018-12-14,1665.22709085475,"Amazon Prediction"
"997",2018-12-17,1607.46018613677,"Amazon Prediction"
"998",2018-12-18,1612.52842169528,"Amazon Prediction"
"999",2018-12-19,1595.94907815692,"Amazon Prediction"
"1000",2018-12-20,1552.81371770186,"Amazon Prediction"
"1001",2018-12-21,1510.93838812625,"Amazon Prediction"
"1002",2018-12-24,1459.80420469587,"Amazon Prediction"
"1003",2018-12-26,1512.88629963786,"Amazon Prediction"
"1004",2018-12-27,1532.98027959644,"Amazon Prediction"
"1005",2018-12-28,1561.05447923179,"Amazon Prediction"
"1006",2018-12-31,1583.96743554987,"Amazon Prediction"
"1007",2019-01-02,1583.21726830111,"Amazon Prediction"
"1008",2019-01-03,1591.47808420637,"Amazon Prediction"
"1009",2019-01-04,1621.6352627685,"Amazon Prediction"
"1010",2019-01-07,1669.51982944759,"Amazon Prediction"
"1011",2019-01-08,1699.95820316912,"Amazon Prediction"
"1012",2019-01-09,1703.81681351772,"Amazon Prediction"
"1013",2019-01-10,1696.29833311968,"Amazon Prediction"
"1014",2019-01-11,1697.23701111467,"Amazon Prediction"
"1015",2019-01-14,1676.82397019188,"Amazon Prediction"
"1016",2019-01-15,1702.95450818369,"Amazon Prediction"
"1017",2019-01-16,1730.43074499964,"Amazon Prediction"
"1018",2019-01-17,1732.92166663522,"Amazon Prediction"
"1019",2019-01-18,1744.38924864808,"Amazon Prediction"
"1020",2019-01-22,1703.59874743292,"Amazon Prediction"
"1021",2019-01-23,1697.25776488614,"Amazon Prediction"
"1022",2019-01-24,1702.41090599236,"Amazon Prediction"
"1023",2019-01-25,1721.71119541441,"Amazon Prediction"
"1024",2019-01-28,1694.01003210816,"Amazon Prediction"
"1025",2019-01-29,1676.44882579914,"Amazon Prediction"
"1026",2019-01-30,1703.55224285558,"Amazon Prediction"
"1027",2019-01-31,1745.83660592001,"Amazon Prediction"
"1028",2019-02-01,1693.68341357982,"Amazon Prediction"
"1029",2019-02-04,1691.71321974308,"Amazon Prediction"
"1030",2019-02-05,1710.06976946842,"Amazon Prediction"
"1031",2019-02-06,1711.98855973562,"Amazon Prediction"
"1032",2019-02-07,1680.89849487344,"Amazon Prediction"
"1033",2019-02-08,1655.4764122113,"Amazon Prediction"
"1034",2019-02-11,1669.15541560793,"Amazon Prediction"
"1035",2019-02-12,1686.37219113544,"Amazon Prediction"
"1036",2019-02-13,1707.22680189455,"Amazon Prediction"
"1037",2019-02-14,1689.67674425206,"Amazon Prediction"
"1038",2019-02-15,1685.54544455498,"Amazon Prediction"
"1039",2019-02-19,1685.66993483475,"Amazon Prediction"
"1040",2019-02-20,1692.84953168361,"Amazon Prediction"
"1041",2019-02-21,1686.5722929351,"Amazon Prediction"
"1042",2019-02-22,1696.47252074133,"Amazon Prediction"
"1043",2019-02-25,1706.32759427059,"Amazon Prediction"
"1044",2019-02-26,1699.13043931682,"Amazon Prediction"
"1045",2019-02-27,1700.55431932047,"Amazon Prediction"
"1046",2019-02-28,1707.70032266473,"Amazon Prediction"
"1047",2019-03-01,1724.25520108521,"Amazon Prediction"
"1048",2019-03-04,1745.80327756855,"Amazon Prediction"
"1049",2019-03-05,1753.43178904053,"Amazon Prediction"
"1050",2019-03-06,1741.52533983424,"Amazon Prediction"
"1051",2019-03-07,1712.31413196021,"Amazon Prediction"
"1052",2019-03-08,1683.90660892974,"Amazon Prediction"
"1053",2019-03-11,1716.47766853517,"Amazon Prediction"
"1054",2019-03-12,1734.96576202423,"Amazon Prediction"
"1055",2019-03-13,1748.16037622483,"Amazon Prediction"
"1056",2019-03-14,1751.01908586212,"Amazon Prediction"
"1057",2019-03-15,1759.99889544143,"Amazon Prediction"
"1058",2019-03-18,1779.85441277504,"Amazon Prediction"
"1059",2019-03-19,1805.78796548762,"Amazon Prediction"
"1060",2019-03-20,1821.92409634486,"Amazon Prediction"
"1061",2019-03-21,1840.69364850241,"Amazon Prediction"
"1062",2019-03-22,1826.83961363093,"Amazon Prediction"
"1063",2019-03-25,1810.14439793406,"Amazon Prediction"
"1064",2019-03-26,1828.85093307985,"Amazon Prediction"
"1065",2019-03-27,1815.38213851515,"Amazon Prediction"
"1066",2019-03-28,1815.22442031273,"Amazon Prediction"
"1067",2019-03-29,1827.39615213585,"Amazon Prediction"
"1068",2019-04-01,1845.15646646645,"Amazon Prediction"
"1069",2019-04-02,1850.27071613215,"Amazon Prediction"
"1070",2019-04-03,1857.36326839932,"Amazon Prediction"
"1071",2019-04-04,1855.0878116426,"Amazon Prediction"
"1072",2019-04-05,1866.65115584145,"Amazon Prediction"
"1073",2019-04-08,1872.6476921532,"Amazon Prediction"
"1074",2019-04-09,1874.4841377455,"Amazon Prediction"
"1075",2019-04-10,1875.23554574938,"Amazon Prediction"
"1076",2019-04-11,1879.2946353318,"Amazon Prediction"
"1077",2019-04-12,1879.48331060554,"Amazon Prediction"
"1078",2019-04-15,1873.38508084042,"Amazon Prediction"
"1079",2019-04-16,1889.76966853242,"Amazon Prediction"
"1080",2019-04-17,1898.4767462184,"Amazon Prediction"
"1081",2019-04-18,1896.2146943815,"Amazon Prediction"
"1082",2019-04-22,1899.52763827793,"Amazon Prediction"
"1083",2019-04-23,1929.40494747727,"Amazon Prediction"
"1084",2019-04-24,1934.47472292989,"Amazon Prediction"
"1085",2019-04-25,1930.43142636327,"Amazon Prediction"
"1086",2019-04-26,1945.713886458,"Amazon Prediction"
"1087",2019-04-29,1959.46080298509,"Amazon Prediction"
"1088",2019-04-30,1944.89707994287,"Amazon Prediction"
"1089",2019-05-01,1945.39984033374,"Amazon Prediction"
"1090",2019-05-02,1929.22628805037,"Amazon Prediction"
"1091",2019-05-03,1965.48799905707,"Amazon Prediction"
"1092",2019-05-06,1952.46307352046,"Amazon Prediction"
"1093",2019-05-07,1947.53143359466,"Amazon Prediction"
"1094",2019-05-08,1943.28310050967,"Amazon Prediction"
"1095",2019-05-09,1923.76357322031,"Amazon Prediction"
"1096",2019-05-10,1916.40519546604,"Amazon Prediction"
"1097",2019-05-13,1873.38168896152,"Amazon Prediction"
"1098",2019-05-14,1879.31363165728,"Amazon Prediction"
"1099",2019-05-15,1889.10458877131,"Amazon Prediction"
"1100",2019-05-16,1927.71940142082,"Amazon Prediction"
"1101",2019-05-17,1917.52684244414,"Amazon Prediction"
"1102",2019-05-20,1894.628332591,"Amazon Prediction"
"1103",2019-05-21,1902.98016648696,"Amazon Prediction"
"1104",2019-05-22,1899.69297988064,"Amazon Prediction"
"1105",2019-05-23,1872.69667912478,"Amazon Prediction"
"1106",2019-05-24,1877.52603743676,"Amazon Prediction"
"1107",2019-05-28,1883.67157027398,"Amazon Prediction"
"1108",2019-05-29,1870.26960372802,"Amazon Prediction"
"1109",2019-05-30,1871.35479383168,"Amazon Prediction"
"1110",2019-05-31,1842.11156506211,"Amazon Prediction"
"1111",2019-06-03,1791.63859189221,"Amazon Prediction"
"1112",2019-06-04,1785.16959690227,"Amazon Prediction"
"1113",2019-06-05,1808.96492453815,"Amazon Prediction"
"1114",2019-06-06,1814.23449527399,"Amazon Prediction"
"1115",2019-06-07,1843.88506163915,"Amazon Prediction"
"1116",2019-06-10,1893.02002139881,"Amazon Prediction"
"1117",2019-06-11,1916.4117704143,"Amazon Prediction"
"1118",2019-06-12,1902.34107928178,"Amazon Prediction"
"1119",2019-06-13,1914.9610937721,"Amazon Prediction"
"1120",2019-06-14,1912.59202100621,"Amazon Prediction"
"1121",2019-06-17,1926.00216388201,"Amazon Prediction"
"1122",2019-06-18,1942.90481523951,"Amazon Prediction"
"1123",2019-06-19,1944.89467265368,"Amazon Prediction"
"1124",2019-06-20,1957.3487167389,"Amazon Prediction"
"1125",2019-06-21,1950.99176270521,"Amazon Prediction"
"1126",2019-06-24,1949.76727222639,"Amazon Prediction"
"1127",2019-06-25,1936.56398492853,"Amazon Prediction"
"1128",2019-06-26,1937.96994622378,"Amazon Prediction"
"1129",2019-06-27,1945.17990462272,"Amazon Prediction"
"1130",2019-06-28,1941.61616697995,"Amazon Prediction"
"1131",2019-07-01,1959.6498403803,"Amazon Prediction"
"1132",2019-07-02,1961.46789280779,"Amazon Prediction"
"1133",2019-07-03,1972.67911331539,"Amazon Prediction"
"1134",2019-07-05,1971.54093130731,"Amazon Prediction"
"1135",2019-07-08,1977.35449860687,"Amazon Prediction"
"1136",2019-07-09,1995.73897947815,"Amazon Prediction"
"1137",2019-07-10,2027.64922827067,"Amazon Prediction"
"1138",2019-07-11,2032.93999342351,"Amazon Prediction"
"1139",2019-07-12,2031.39899845228,"Amazon Prediction"
"1140",2019-07-15,2036.77185507418,"Amazon Prediction"
"1141",2019-07-16,2033.71610910897,"Amazon Prediction"
"1142",2019-07-17,2025.33254299005,"Amazon Prediction"
"1143",2019-07-18,2004.22513175944,"Amazon Prediction"
"1144",2019-07-19,2008.06413462872,"Amazon Prediction"
"1145",2019-07-22,2007.02316601828,"Amazon Prediction"
"1146",2019-07-23,2018.65633343814,"Amazon Prediction"
"1147",2019-07-24,2014.37340869162,"Amazon Prediction"
"1148",2019-07-25,2015.62927143649,"Amazon Prediction"
"1149",2019-07-26,1978.72026116861,"Amazon Prediction"
"1150",2019-07-29,1961.04569908449,"Amazon Prediction"
"1151",2019-07-30,1946.72719535109,"Amazon Prediction"
"1152",2019-07-31,1932.20654994816,"Amazon Prediction"
"1153",2019-08-01,1923.61123950284,"Amazon Prediction"
"1154",2019-08-02,1895.29195443612,"Amazon Prediction"
"1155",2019-08-05,1846.3768419677,"Amazon Prediction"
"1156",2019-08-06,1858.08510337024,"Amazon Prediction"
"1157",2019-08-07,1858.12329198632,"Amazon Prediction"
"1158",2019-08-08,1887.93324478995,"Amazon Prediction"
"1159",2019-08-09,1888.57615743378,"Amazon Prediction"
"1160",2019-08-12,1867.57482003037,"Amazon Prediction"
"1161",2019-08-13,1878.75627925523,"Amazon Prediction"
"1162",2019-08-14,1856.80574415216,"Amazon Prediction"
"1163",2019-08-15,1857.96402814248,"Amazon Prediction"
"1164",2019-08-16,1871.53532140097,"Amazon Prediction"
"1165",2019-08-19,1891.73467425457,"Amazon Prediction"
"1166",2019-08-20,1884.91241022715,"Amazon Prediction"
"1167",2019-08-21,1895.87899948133,"Amazon Prediction"
"1168",2019-08-22,1890.68299130065,"Amazon Prediction"
"1169",2019-08-23,1855.81640261996,"Amazon Prediction"
"1170",2019-08-26,1849.85940612195,"Amazon Prediction"
"1171",2019-08-27,1852.9812177752,"Amazon Prediction"
"1172",2019-08-28,1847.52730422703,"Amazon Prediction"
"1173",2019-08-29,1869.5635981573,"Amazon Prediction"
"1174",2019-08-30,1868.38762145264,"Amazon Prediction"
"1175",2019-09-03,1866.95242401609,"Amazon Prediction"
"1176",2019-09-04,1884.00178778459,"Amazon Prediction"
"1177",2019-09-05,1905.09041509603,"Amazon Prediction"
"1178",2019-09-06,1909.6649252514,"Amazon Prediction"
"1179",2019-09-09,1911.40092862657,"Amazon Prediction"
"1180",2019-09-10,1897.94381657199,"Amazon Prediction"
"1181",2019-09-11,1899.04547518432,"Amazon Prediction"
"1182",2019-09-12,1916.86377296396,"Amazon Prediction"
"1183",2019-09-13,1916.61666094021,"Amazon Prediction"
"1184",2019-09-16,1895.3518050366,"Amazon Prediction"
"1185",2019-09-17,1897.1012640517,"Amazon Prediction"
"1186",2019-09-18,1895.85551299149,"Amazon Prediction"
"1187",2019-09-19,1904.5585515509,"Amazon Prediction"
"1188",2019-09-20,1889.31282805776,"Amazon Prediction"
"1189",2019-09-23,1871.51354847425,"Amazon Prediction"
"1190",2019-09-24,1858.83246687482,"Amazon Prediction"
"1191",2019-09-25,1850.12255785726,"Amazon Prediction"
"1192",2019-09-26,1847.61840400442,"Amazon Prediction"
"1193",2019-09-27,1835.73914054471,"Amazon Prediction"
"1194",2019-09-30,1832.19404376023,"Amazon Prediction"
"1195",2019-10-01,1843.04829385804,"Amazon Prediction"
"1196",2019-10-02,1825.52240942949,"Amazon Prediction"
"1197",2019-10-03,1820.38262993841,"Amazon Prediction"
"1198",2019-10-04,1836.74183200761,"Amazon Prediction"
"1199",2019-10-07,1839.56735734138,"Amazon Prediction"
"1200",2019-10-08,1824.79353901313,"Amazon Prediction"
"1201",2019-10-09,1830.60937368856,"Amazon Prediction"
"1202",2019-10-10,1832.73174631759,"Amazon Prediction"
"1203",2019-10-11,1842.75697359203,"Amazon Prediction"
"1204",2019-10-14,1840.37436853156,"Amazon Prediction"
"1205",2019-10-15,1858.66949897485,"Amazon Prediction"
"1206",2019-10-16,1875.03785354705,"Amazon Prediction"
"1207",2019-10-17,1886.58349082707,"Amazon Prediction"
"1208",2019-10-18,1871.36197538097,"Amazon Prediction"
"1209",2019-10-21,1876.52566226159,"Amazon Prediction"
"1210",2019-10-22,1876.6743459819,"Amazon Prediction"
"1211",2019-10-23,1863.36125246527,"Amazon Prediction"
"1212",2019-10-24,1874.48280556269,"Amazon Prediction"
"1213",2019-10-25,1835.12021382373,"Amazon Prediction"
"1214",2019-10-28,1865.45839152169,"Amazon Prediction"
"1215",2019-10-29,1871.57037687443,"Amazon Prediction"
"1216",2019-10-30,1874.02233049572,"Amazon Prediction"
"1217",2019-10-31,1880.74739726409,"Amazon Prediction"
"1218",2019-11-01,1890.03585893208,"Amazon Prediction"
"1219",2019-11-04,1902.23827180694,"Amazon Prediction"
"1220",2019-11-05,1901.95944741134,"Amazon Prediction"
"1221",2019-11-06,1896.86692657309,"Amazon Prediction"
"1222",2019-11-07,1895.38225317158,"Amazon Prediction"
"1223",2019-11-08,1887.67244660158,"Amazon Prediction"
"1224",2019-11-11,1880.43794472425,"Amazon Prediction"
"1225",2019-11-12,1883.42679282109,"Amazon Prediction"
"1226",2019-11-13,1870.84455552787,"Amazon Prediction"
"1227",2019-11-14,1866.63383979988,"Amazon Prediction"
"1228",2019-11-15,1860.07425499074,"Amazon Prediction"
"1229",2019-11-18,1856.36496520801,"Amazon Prediction"
"1230",2019-11-19,1866.14973226741,"Amazon Prediction"
"1231",2019-11-20,1861.71106206501,"Amazon Prediction"
"1232",2019-11-21,1855.07768835097,"Amazon Prediction"
"1233",2019-11-22,1856.98263140392,"Amazon Prediction"
"1234",2019-11-25,1875.36227060876,"Amazon Prediction"
"1235",2019-11-26,1894.32833766822,"Amazon Prediction"
"1236",2019-11-27,1912.09396777559,"Amazon Prediction"
"1237",2019-11-29,1913.91811652016,"Amazon Prediction"
"1238",2019-12-02,1895.34446436977,"Amazon Prediction"
"1239",2019-12-03,1875.93006223353,"Amazon Prediction"
"1240",2019-12-04,1883.387286412,"Amazon Prediction"
"1241",2019-12-05,1868.6846291731,"Amazon Prediction"
"1242",2019-12-06,1866.85675388808,"Amazon Prediction"
"1243",2019-12-09,1870.95280398028,"Amazon Prediction"
"1244",2019-12-10,1863.35598784803,"Amazon Prediction"
"1245",2019-12-11,1864.78640532486,"Amazon Prediction"
"1246",2019-12-12,1872.7989150088,"Amazon Prediction"
"1247",2019-12-13,1879.2598221839,"Amazon Prediction"
"1248",2019-12-16,1882.03337439487,"Amazon Prediction"
"1249",2019-12-17,1896.62288718659,"Amazon Prediction"
"1250",2019-12-18,1901.3316272471,"Amazon Prediction"
"1251",2019-12-19,1898.39718837753,"Amazon Prediction"
"1252",2019-12-20,1902.83151071994,"Amazon Prediction"
"1253",2019-12-23,1903.42034245111,"Amazon Prediction"
"1254",2019-12-24,1906.17959375952,"Amazon Prediction"
"1255",2019-12-26,1936.25366009618,"Amazon Prediction"
"1256",2019-12-27,1971.49167596651,"Amazon Prediction"
"1257",2019-12-30,1959.53137022761,"Amazon Prediction"
"1258",2019-12-31,1947.24659811967,"Amazon Prediction"
"1259",2020-01-02,1977.58053726481,"Amazon Prediction"
"1260",2020-01-03,1969.36811817029,"Amazon Prediction"
"1261",2020-01-06,1976.79743406272,"Amazon Prediction"
"1262",2020-01-07,1994.77468182189,"Amazon Prediction"
"1263",2020-01-08,1989.70132029401,"Amazon Prediction"
"1264",2020-01-09,1997.52183436193,"Amazon Prediction"
"1265",2020-01-10,1988.50579388038,"Amazon Prediction"
"1266",2020-01-13,1986.4747718685,"Amazon Prediction"
"1267",2020-01-14,1974.44524771825,"Amazon Prediction"
"1268",2020-01-15,1968.85306930685,"Amazon Prediction"
"1269",2020-01-16,1978.01075903202,"Amazon Prediction"
"1270",2020-01-17,1973.69115926901,"Amazon Prediction"
"1271",2020-01-21,1977.97554490358,"Amazon Prediction"
"1272",2020-01-22,1989.98286489558,"Amazon Prediction"
"1273",2020-01-23,1983.71831076298,"Amazon Prediction"
"1274",2020-01-24,1975.68112257439,"Amazon Prediction"
"1275",2020-01-27,1939.45023666471,"Amazon Prediction"
"1276",2020-01-28,1955.37883857822,"Amazon Prediction"
"1277",2020-01-29,1969.87433550943,"Amazon Prediction"
"1278",2020-01-30,1966.87982046414,"Amazon Prediction"
"1279",2020-01-31,2089.21512014153,"Amazon Prediction"
"1280",2020-02-03,2087.04386483284,"Amazon Prediction"
"1281",2020-02-04,2105.6467400191,"Amazon Prediction"
"1282",2020-02-05,2118.1506027559,"Amazon Prediction"
"1283",2020-02-06,2111.4328791661,"Amazon Prediction"
"1284",2020-02-07,2126.84367722808,"Amazon Prediction"
"1285",2020-02-10,2162.84507893157,"Amazon Prediction"
"1286",2020-02-11,2198.37701526038,"Amazon Prediction"
"1287",2020-02-12,2207.5286211153,"Amazon Prediction"
"1288",2020-02-13,2198.05708331257,"Amazon Prediction"
"1289",2020-02-14,2192.50068684877,"Amazon Prediction"
"1290",2020-02-18,2192.11394934667,"Amazon Prediction"
"1291",2020-02-19,2214.80798868474,"Amazon Prediction"
"1292",2020-02-20,2204.08768619605,"Amazon Prediction"
"1293",2020-02-21,2172.03562490029,"Amazon Prediction"
"1294",2020-02-24,2087.31805353935,"Amazon Prediction"
"1295",2020-02-25,2078.47979838211,"Amazon Prediction"
"1296",2020-02-26,2066.6920972036,"Amazon Prediction"
"1297",2020-02-27,2016.08802135691,"Amazon Prediction"
"1298",2020-02-28,1961.61942543167,"Amazon Prediction"
"1299",2020-03-02,2019.94356754561,"Amazon Prediction"
"1300",2020-03-03,2035.70790427175,"Amazon Prediction"
"1301",2020-03-04,2048.98453984153,"Amazon Prediction"
"1302",2020-03-05,2030.85517160701,"Amazon Prediction"
"1303",2020-03-06,1997.49657683302,"Amazon Prediction"
"1304",2020-03-09,1926.22331167187,"Amazon Prediction"
"1305",2020-03-10,1980.9744112152,"Amazon Prediction"
"1306",2020-03-11,1958.37362013051,"Amazon Prediction"
"1307",2020-03-12,1854.18694427533,"Amazon Prediction"
"1308",2020-03-13,1889.39622501609,"Amazon Prediction"
"1309",2020-03-16,1833.27029250616,"Amazon Prediction"
"1310",2020-03-17,1912.4735798215,"Amazon Prediction"
"1311",2020-03-18,1921.15808873547,"Amazon Prediction"
"1312",2020-03-19,1989.23135462439,"Amazon Prediction"
"1313",2020-03-20,1995.92573319222,"Amazon Prediction"
"1314",2020-03-23,1981.31115909248,"Amazon Prediction"
"1315",2020-03-24,2037.60912416071,"Amazon Prediction"
"1316",2020-03-25,2018.09727966311,"Amazon Prediction"
"1317",2020-03-26,2030.58207537021,"Amazon Prediction"
"1318",2020-03-27,2025.15596236428,"Amazon Prediction"
"1319",2020-03-30,2045.08328440665,"Amazon Prediction"
"1320",2020-03-31,2061.40039806416,"Amazon Prediction"
"1321",2020-04-01,2028.93165861944,"Amazon Prediction"
"1322",2020-04-02,2021.28189793354,"Amazon Prediction"
"1323",2020-04-03,2021.22204890066,"Amazon Prediction"
"1324",2020-04-06,2064.65303861375,"Amazon Prediction"
"1325",2020-04-07,2104.37985244531,"Amazon Prediction"
"1326",2020-04-08,2116.79061052388,"Amazon Prediction"
"1327",2020-04-09,2124.03276454038,"Amazon Prediction"
"1328",2020-04-13,2175.42776412497,"Amazon Prediction"
"1329",2020-04-14,2278.81165984709,"Amazon Prediction"
"1330",2020-04-15,2315.47793048105,"Amazon Prediction"
"1331",2020-04-16,2390.67471734531,"Amazon Prediction"
"1332",2020-04-17,2377.39956465874,"Amazon Prediction"
"1333",2020-04-20,2409.23449095159,"Amazon Prediction"
"1334",2020-04-21,2376.27921937038,"Amazon Prediction"
"1335",2020-04-22,2384.46936916426,"Amazon Prediction"
"1336",2020-04-23,2409.07314779957,"Amazon Prediction"
"1337",2020-04-24,2415.04643095315,"Amazon Prediction"
"1338",2020-04-27,2413.45227872363,"Amazon Prediction"
"1339",2020-04-28,2363.25110088906,"Amazon Prediction"
"1340",2020-04-29,2371.83438041291,"Amazon Prediction"
"1341",2020-04-30,2438.31368355685,"Amazon Prediction"
"1342",2020-05-01,2336.72164654968,"Amazon Prediction"
"1343",2020-05-04,2324.45843638914,"Amazon Prediction"
"1344",2020-05-05,2357.19459035342,"Amazon Prediction"
"1345",2020-05-06,2365.92594036809,"Amazon Prediction"
"1346",2020-05-07,2386.09848572599,"Amazon Prediction"
"1347",2020-05-08,2393.31987054301,"Amazon Prediction"
"1348",2020-05-11,2409.33840152068,"Amazon Prediction"
"1349",2020-05-12,2403.25308173887,"Amazon Prediction"
"1350",2020-05-13,2390.10015762747,"Amazon Prediction"
"1351",2020-05-14,2394.2278790232,"Amazon Prediction"
"1352",2020-05-15,2404.02932860526,"Amazon Prediction"
"1353",2020-05-18,2424.33924761511,"Amazon Prediction"
"1354",2020-05-19,2452.99612698086,"Amazon Prediction"
"1355",2020-05-20,2482.82015668579,"Amazon Prediction"
"1356",2020-05-21,2476.47407375715,"Amazon Prediction"
"1357",2020-05-22,2454.86068594254,"Amazon Prediction"
"1358",2020-05-26,2447.96145018581,"Amazon Prediction"
"1359",2020-05-27,2408.7222945866,"Amazon Prediction"
"1360",2020-05-28,2418.75207760583,"Amazon Prediction"
"1361",2020-05-29,2437.9872543403,"Amazon Prediction"
"1362",2020-06-01,2466.55948135228,"Amazon Prediction"
"1363",2020-06-02,2470.70629453044,"Amazon Prediction"
"1364",2020-06-03,2478.19485675667,"Amazon Prediction"
"1365",2020-06-04,2478.17120391548,"Amazon Prediction"
"1366",2020-06-05,2470.08128325377,"Amazon Prediction"
"1367",2020-06-08,2506.77925530712,"Amazon Prediction"
"1368",2020-06-09,2552.8062649752,"Amazon Prediction"
"1369",2020-06-10,2623.15148596295,"Amazon Prediction"
"1370",2020-06-11,2569.66386659703,"Amazon Prediction"
"1371",2020-06-12,2551.21929569686,"Amazon Prediction"
"1372",2020-06-15,2537.82449315535,"Amazon Prediction"
"1373",2020-06-16,2585.07188464738,"Amazon Prediction"
"1374",2020-06-17,2613.98538572577,"Amazon Prediction"
"1375",2020-06-18,2618.88218006727,"Amazon Prediction"
"1376",2020-06-19,2638.45093071955,"Amazon Prediction"
"1377",2020-06-22,2655.30975426965,"Amazon Prediction"
"1378",2020-06-23,2695.50797321109,"Amazon Prediction"
"1379",2020-06-24,2703.17235851353,"Amazon Prediction"
"1380",2020-06-25,2691.51759788842,"Amazon Prediction"
"1381",2020-06-26,2684.03122390437,"Amazon Prediction"
"1382",2020-06-29,2639.68779438107,"Amazon Prediction"
"1383",2020-06-30,2677.68441803605,"Amazon Prediction"
"1384",2020-07-01,2753.1807393144,"Amazon Prediction"
"1385",2020-07-02,2820.03037787093,"Amazon Prediction"
"1386",2020-07-06,2889.3374585177,"Amazon Prediction"
"1387",2020-07-07,2917.31806905765,"Amazon Prediction"
"1388",2020-07-08,2933.978302806,"Amazon Prediction"
"1389",2020-07-09,3004.41340937529,"Amazon Prediction"
"1390",2020-07-10,3039.71117964782,"Amazon Prediction"
"1391",2020-07-13,3042.6676811568,"Amazon Prediction"
"1392",2020-07-14,2943.15870117055,"Amazon Prediction"
"1393",2020-07-15,2927.19969337602,"Amazon Prediction"
"1394",2020-07-16,2880.62996395672,"Amazon Prediction"
"1395",2020-07-17,2886.56204372047,"Amazon Prediction"
"1396",2020-07-20,2972.3424681978,"Amazon Prediction"
"1397",2020-07-21,3036.72409082793,"Amazon Prediction"
"1398",2020-07-22,2985.02000226142,"Amazon Prediction"
"1399",2020-07-23,2927.95503193128,"Amazon Prediction"
"1400",2020-07-24,2871.24550401724,"Amazon Prediction"
"1401",2020-07-27,2945.51675200653,"Amazon Prediction"
"1402",2020-07-28,2926.4524374763,"Amazon Prediction"
"1403",2020-07-29,2921.83128362599,"Amazon Prediction"
"1404",2020-07-30,2931.71825447533,"Amazon Prediction"
"1405",2020-07-31,3055.50762948367,"Amazon Prediction"
"1406",2020-08-03,3014.56949251144,"Amazon Prediction"
"1407",2020-08-04,3001.42281466858,"Amazon Prediction"
"1408",2020-08-05,3037.62602706413,"Amazon Prediction"
"1409",2020-08-06,3065.63610495475,"Amazon Prediction"
"1410",2020-08-07,3054.22186916121,"Amazon Prediction"
"1411",2020-08-10,3020.43169407013,"Amazon Prediction"
"1412",2020-08-11,2987.87303917161,"Amazon Prediction"
"1413",2020-08-12,3011.88044151207,"Amazon Prediction"
"1414",2020-08-13,3045.58250776126,"Amazon Prediction"
"1415",2020-08-14,3028.29058680545,"Amazon Prediction"
"1416",2020-08-17,3044.65554037716,"Amazon Prediction"
"1417",2020-08-18,3110.08506623294,"Amazon Prediction"
"1418",2020-08-19,3127.79267664344,"Amazon Prediction"
"1419",2020-08-20,3122.02514921196,"Amazon Prediction"
"1420",2020-08-21,3135.67622720059,"Amazon Prediction"
"1421",2020-08-24,3151.92186114283,"Amazon Prediction"
"1422",2020-08-25,3154.97873760253,"Amazon Prediction"
"1423",2020-08-26,3216.24503265075,"Amazon Prediction"
"1424",2020-08-27,3236.07482406819,"Amazon Prediction"
"1425",2020-08-28,3230.53958591164,"Amazon Prediction"
"1426",2020-08-31,3252.52909967286,"Amazon Prediction"
"1427",2020-09-01,3294.30524462594,"Amazon Prediction"
"1428",2020-09-02,3322.90264981436,"Amazon Prediction"
"1429",2020-09-03,3227.27901136946,"Amazon Prediction"
"1430",2020-09-04,3122.10154153159,"Amazon Prediction"
"1431",2020-09-08,3041.6268592221,"Amazon Prediction"
"1432",2020-09-09,3098.26963674553,"Amazon Prediction"
"1433",2020-09-10,3106.35380261507,"Amazon Prediction"
"1434",2020-09-11,3033.75348765426,"Amazon Prediction"
"1435",2020-09-14,3021.91274276441,"Amazon Prediction"
"1436",2020-09-15,3026.1554911687,"Amazon Prediction"
"1437",2020-09-16,3014.71030705296,"Amazon Prediction"
"1438",2020-09-17,2916.55809056889,"Amazon Prediction"
"1439",2020-09-18,2897.07625459769,"Amazon Prediction"
"1440",2020-09-21,2855.45543749571,"Amazon Prediction"
"1441",2020-09-22,2971.28104748517,"Amazon Prediction"
"1442",2020-09-23,2961.11470446241,"Amazon Prediction"
"1443",2020-09-24,2921.4516942008,"Amazon Prediction"
"1444",2020-09-25,2965.05985026721,"Amazon Prediction"
"1445",2020-09-28,3037.00861649971,"Amazon Prediction"
"1446",2020-09-29,3042.88321339668,"Amazon Prediction"
"1447",2020-09-30,3041.24760628437,"Amazon Prediction"
"1448",2020-10-01,3078.26860764806,"Amazon Prediction"
"1449",2020-10-02,3033.61323374588,"Amazon Prediction"
"1450",2020-10-05,3053.5533064897,"Amazon Prediction"
"1451",2020-10-06,3023.05953456262,"Amazon Prediction"
"1452",2020-10-07,3048.83246533365,"Amazon Prediction"
"1453",2020-10-08,3081.21408516203,"Amazon Prediction"
"1454",2020-10-09,3111.3213457561,"Amazon Prediction"
"1455",2020-10-12,3234.56932443363,"Amazon Prediction"
"1456",2020-10-13,3275.85945982093,"Amazon Prediction"
"1457",2020-10-14,3234.49612959328,"Amazon Prediction"
"1458",2020-10-15,3167.70157457823,"Amazon Prediction"
"1459",2020-10-16,3152.5530890513,"Amazon Prediction"
"1460",2020-10-19,3121.89861704168,"Amazon Prediction"
"1461",2020-10-20,3097.55353515705,"Amazon Prediction"
"1462",2020-10-21,3077.14008094572,"Amazon Prediction"
"1463",2020-10-22,3057.46852636617,"Amazon Prediction"
"1464",2020-10-23,3068.93115442485,"Amazon Prediction"
"1465",2020-10-26,3087.11568618154,"Amazon Prediction"
"1466",2020-10-27,3122.45643812235,"Amazon Prediction"
"1467",2020-10-28,3087.23759535346,"Amazon Prediction"
"1468",2020-10-29,3085.95167809309,"Amazon Prediction"
"1469",2020-10-30,2996.1723538824,"Amazon Prediction"
"1470",2020-11-02,2942.57219888793,"Amazon Prediction"
"1471",2020-11-03,2950.24794038749,"Amazon Prediction"
"1472",2020-11-04,3078.09288920111,"Amazon Prediction"
"1473",2020-11-05,3178.83520610094,"Amazon Prediction"
"1474",2020-11-06,3155.20324345437,"Amazon Prediction"
"1475",2020-11-09,3076.65616978034,"Amazon Prediction"
"1476",2020-11-10,2977.98636412607,"Amazon Prediction"
"1477",2020-11-11,3004.63676175285,"Amazon Prediction"
"1478",2020-11-12,3032.74228117959,"Amazon Prediction"
"1479",2020-11-13,3023.17435588177,"Amazon Prediction"
"1480",2020-11-16,3016.28860824338,"Amazon Prediction"
"1481",2020-11-17,3056.51582337093,"Amazon Prediction"
"1482",2020-11-18,3026.3674245409,"Amazon Prediction"
"1483",2020-11-19,3015.69765019853,"Amazon Prediction"
"1484",2020-11-20,3019.42161339051,"Amazon Prediction"
"1485",2020-11-23,3013.56117880715,"Amazon Prediction"
"1486",2020-11-24,3018.55718935807,"Amazon Prediction"
"1487",2020-11-25,3062.76167699617,"Amazon Prediction"
"1488",2020-11-27,3093.05349989691,"Amazon Prediction"
"1489",2020-11-30,3076.02057966427,"Amazon Prediction"
"1490",2020-12-01,3092.51324425278,"Amazon Prediction"
"1491",2020-12-02,3097.0263346541,"Amazon Prediction"
"1492",2020-12-03,3092.06277530367,"Amazon Prediction"
"1493",2020-12-04,3075.93183812748,"Amazon Prediction"
"1494",2020-12-07,3060.98067987348,"Amazon Prediction"
"1495",2020-12-08,3061.49703178143,"Amazon Prediction"
"1496",2020-12-09,3040.37122323761,"Amazon Prediction"
"1497",2020-12-10,3017.22920219494,"Amazon Prediction"
"1498",2020-12-11,3016.80032388947,"Amazon Prediction"
"1499",2020-12-14,3057.69129454113,"Amazon Prediction"
"1500",2020-12-15,3068.12207589105,"Amazon Prediction"
"1501",2020-12-16,3099.26355845485,"Amazon Prediction"
"1502",2020-12-17,3128.14216190195,"Amazon Prediction"
"1503",2020-12-18,3106.06339104641,"Amazon Prediction"
"1504",2020-12-21,3095.3765593838,"Amazon Prediction"
"1505",2020-12-22,3099.31520155739,"Amazon Prediction"
"1506",2020-12-23,3094.62999805475,"Amazon Prediction"
"1507",2020-12-24,3086.30492551844,"Amazon Prediction"
"1508",2020-12-28,3125.80093422174,"Amazon Prediction"
"1509",2020-12-29,3186.97390286679,"Amazon Prediction"
"1510",2020-12-30,3186.13356067821,"Amazon Prediction"
"1511",2020-12-31,3148.73991621534,"Amazon Prediction"
"1512",2021-01-04,3112.25548161982,"Amazon Prediction"
"1513",2021-01-05,3095.00178012187,"Amazon Prediction"
"1514",2021-01-06,3062.77068453223,"Amazon Prediction"
"1515",2021-01-07,3077.32004136146,"Amazon Prediction"
"1516",2021-01-08,3080.12257561911,"Amazon Prediction"
"1517",2021-01-11,3048.04283428348,"Amazon Prediction"
"1518",2021-01-12,3036.92774504287,"Amazon Prediction"
"1519",2021-01-13,3064.18386026402,"Amazon Prediction"
"1520",2021-01-14,3062.11119716591,"Amazon Prediction"
"1521",2021-01-15,3036.52145405431,"Amazon Prediction"
"1522",2021-01-19,3038.78000986629,"Amazon Prediction"
"1523",2021-01-20,3121.43165216093,"Amazon Prediction"
"1524",2021-01-21,3187.83257568076,"Amazon Prediction"
"1525",2021-01-22,3182.75635389012,"Amazon Prediction"
"1526",2021-01-25,3187.78309603625,"Amazon Prediction"
"1527",2021-01-26,3191.71139996571,"Amazon Prediction"
"1528",2021-01-27,3167.68993870661,"Amazon Prediction"
"1529",2021-01-28,3145.33635502407,"Amazon Prediction"
"1530",2021-01-29,3116.4547900505,"Amazon Prediction"
"1531",2021-02-01,3178.08638969155,"Amazon Prediction"
"1532",2021-02-02,3249.63137001752,"Amazon Prediction"
"1533",2021-02-03,3236.24444359285,"Amazon Prediction"
"1534",2021-02-04,3201.81227110448,"Amazon Prediction"
"1535",2021-02-05,3214.89488906511,"Amazon Prediction"
"1536",2021-02-08,3215.60319984615,"Amazon Prediction"
"1537",2021-02-09,3197.97687317298,"Amazon Prediction"
"1538",2021-02-10,3181.70882501776,"Amazon Prediction"
"1539",2021-02-11,3167.51526252305,"Amazon Prediction"
"1540",2021-02-12,3157.60107761952,"Amazon Prediction"
"1541",2021-02-16,3166.57856384063,"Amazon Prediction"
"1542",2021-02-17,3179.53823214136,"Amazon Prediction"
"1543",2021-02-18,3193.68467916724,"Amazon Prediction"
"1544",2021-02-19,3180.01148040941,"Amazon Prediction"
"1545",2021-02-22,3110.55596502416,"Amazon Prediction"
"1546",2021-02-23,3076.18568384886,"Amazon Prediction"
"1547",2021-02-24,3078.47375188848,"Amazon Prediction"
"1548",2021-02-25,3037.73352579228,"Amazon Prediction"
"1549",2021-02-26,3024.36081273246,"Amazon Prediction"
"1550",2021-03-01,3060.24037713281,"Amazon Prediction"
"1551",2021-03-02,3054.08495450829,"Amazon Prediction"
"1552",2021-03-03,2994.81752690401,"Amazon Prediction"
"1553",2021-03-04,2955.89185841612,"Amazon Prediction"
"1554",2021-03-05,2937.27712750025,"Amazon Prediction"
"1555",2021-03-08,2955.79548786085,"Amazon Prediction"
"1556",2021-03-09,2994.27214833607,"Amazon Prediction"
"1557",2021-03-10,3019.71864262856,"Amazon Prediction"
"1558",2021-03-11,3045.65868348722,"Amazon Prediction"
"1559",2021-03-12,3022.25444829534,"Amazon Prediction"
"1560",2021-03-15,3014.96372651191,"Amazon Prediction"
"1561",2021-03-16,3041.0526430252,"Amazon Prediction"
"1562",2021-03-17,3050.76837688154,"Amazon Prediction"
"1563",2021-03-18,3015.10828446593,"Amazon Prediction"
"1564",2021-03-19,3000.8096339793,"Amazon Prediction"
"1565",2021-03-22,3035.31702895692,"Amazon Prediction"
"1566",2021-03-23,3074.17915596216,"Amazon Prediction"
"1567",2021-03-24,3058.71928084656,"Amazon Prediction"
"1568",2021-03-25,3016.31211034547,"Amazon Prediction"
"1569",2021-03-26,2994.06322413362,"Amazon Prediction"
"1570",2021-03-29,3015.00046535162,"Amazon Prediction"
"1571",2021-03-30,3012.03551859059,"Amazon Prediction"
"1572",2021-03-31,3032.74165560154,"Amazon Prediction"
"1573",2021-04-01,3075.46054002999,"Amazon Prediction"
"1574",2021-04-05,3122.52023659477,"Amazon Prediction"
"1575",2021-04-06,3145.88691323981,"Amazon Prediction"
"1576",2021-04-07,3170.52788918874,"Amazon Prediction"
"1577",2021-04-08,3207.55095113971,"Amazon Prediction"
"1578",2021-04-09,3228.31009397708,"Amazon Prediction"
"1579",2021-04-12,3257.56809309286,"Amazon Prediction"
"1580",2021-04-13,3286.58612911693,"Amazon Prediction"
"1581",2021-04-14,3255.41939044225,"Amazon Prediction"
"1582",2021-04-15,3262.10248239559,"Amazon Prediction"
"1583",2021-04-16,3270.78375172449,"Amazon Prediction"
"1584",2021-04-19,3274.84970742323,"Amazon Prediction"
"1585",2021-04-20,3245.816205095,"Amazon Prediction"
"1586",2021-04-21,3234.45326981669,"Amazon Prediction"
"1587",2021-04-22,3236.27452309666,"Amazon Prediction"
"1588",2021-04-23,3234.01380457903,"Amazon Prediction"
"1589",2021-04-26,3266.88055102586,"Amazon Prediction"
"1590",2021-04-27,3307.40812901225,"Amazon Prediction"
"1591",2021-04-28,3324.53780738281,"Amazon Prediction"
"1592",2021-04-29,3345.16553162773,"Amazon Prediction"
"1593",2021-04-30,3362.15422534902,"Amazon Prediction"
"1594",2021-05-03,3309.32160583669,"Amazon Prediction"
"1595",2021-05-04,3227.915836304,"Amazon Prediction"
"1596",2021-05-05,3214.09244143625,"Amazon Prediction"
"1597",2021-05-06,3196.44316826144,"Amazon Prediction"
"1598",2021-05-07,3214.55068021435,"Amazon Prediction"
"1599",2021-05-10,3158.54339316204,"Amazon Prediction"
"1600",2021-05-11,3117.24361575888,"Amazon Prediction"
"1601",2021-05-12,3107.93104329804,"Amazon Prediction"
"1602",2021-05-13,3110.68358223954,"Amazon Prediction"
"1603",2021-05-14,3137.77171716093,"Amazon Prediction"
"1604",2021-05-17,3181.45321797333,"Amazon Prediction"
"1605",2021-05-18,3186.88064181254,"Amazon Prediction"
"1606",2021-05-19,3144.41623612003,"Amazon Prediction"
"1607",2021-05-20,3172.50179834453,"Amazon Prediction"
"1608",2021-05-21,3155.66357777909,"Amazon Prediction"
"1609",2021-05-24,3162.07976339285,"Amazon Prediction"
"1610",2021-05-25,3179.19871705852,"Amazon Prediction"
"1611",2021-05-26,3194.83910453743,"Amazon Prediction"
"1612",2021-05-27,3172.13982903906,"Amazon Prediction"
"1613",2021-05-28,3164.14952426818,"Amazon Prediction"
"1614",2021-06-01,3162.68249603441,"Amazon Prediction"
"1615",2021-06-02,3159.13516053457,"Amazon Prediction"
"1616",2021-06-03,3137.60891752453,"Amazon Prediction"
"1617",2021-06-04,3147.49505414671,"Amazon Prediction"
"1618",2021-06-07,3135.91916080875,"Amazon Prediction"
"1619",2021-06-08,3175.90697158262,"Amazon Prediction"
"1620",2021-06-09,3203.90111997321,"Amazon Prediction"
"1621",2021-06-10,3230.93654770183,"Amazon Prediction"
"1622",2021-06-11,3257.58901509843,"Amazon Prediction"
"1623",2021-06-14,3269.04410775433,"Amazon Prediction"
"1624",2021-06-15,3284.25407214952,"Amazon Prediction"
"1625",2021-06-16,3296.12562048479,"Amazon Prediction"
"1626",2021-06-17,3333.97446387676,"Amazon Prediction"
"1627",2021-06-18,3364.78297705025,"Amazon Prediction"
"1628",2021-06-21,3347.16389478263,"Amazon Prediction"
"1629",2021-06-22,3366.38331502101,"Amazon Prediction"
"1630",2021-06-23,3380.67911380612,"Amazon Prediction"
"1631",2021-06-24,3360.36244301645,"Amazon Prediction"
"1632",2021-06-25,3324.06113893243,"Amazon Prediction"
"1633",2021-06-28,3325.66552178594,"Amazon Prediction"
"1634",2021-06-29,3334.75922881158,"Amazon Prediction"
"1635",2021-06-30,3339.05499837659,"Amazon Prediction"
"1636",2021-07-01,3329.16539089189,"Amazon Prediction"
"1637",2021-07-02,3363.11171047474,"Amazon Prediction"
"1638",2021-07-06,3459.97756900521,"Amazon Prediction"
"1639",2021-07-07,3540.57389057858,"Amazon Prediction"
"1640",2021-07-08,3527.17604800724,"Amazon Prediction"
"1641",2021-07-09,3553.45967453269,"Amazon Prediction"
"1642",2021-07-12,3561.43358501455,"Amazon Prediction"
"1643",2021-07-13,3542.578074237,"Amazon Prediction"
"1644",2021-07-14,3532.76814088387,"Amazon Prediction"
"1645",2021-07-15,3508.29667716282,"Amazon Prediction"
"1646",2021-07-16,3465.44991886513,"Amazon Prediction"
"1647",2021-07-19,3409.61300306813,"Amazon Prediction"
"1648",2021-07-20,3433.44093524109,"Amazon Prediction"
"1649",2021-07-21,3442.61185687229,"Amazon Prediction"
"1650",2021-07-22,3472.54933254944,"Amazon Prediction"
"1651",2021-07-23,3500.22634043616,"Amazon Prediction"
"1652",2021-07-26,3529.11684551622,"Amazon Prediction"
"1653",2021-07-27,3504.25649094913,"Amazon Prediction"
"1654",2021-07-28,3489.00763808386,"Amazon Prediction"
"1655",2021-07-29,3472.09383948638,"Amazon Prediction"
"1656",2021-07-30,3255.72219399705,"Amazon Prediction"
"1657",2021-08-02,3263.58864272604,"Amazon Prediction"
"1658",2021-08-03,3270.46639246948,"Amazon Prediction"
"1659",2021-08-04,3286.19045041661,"Amazon Prediction"
"1660",2021-08-05,3285.13350022522,"Amazon Prediction"
"1661",2021-08-06,3277.78529506513,"Amazon Prediction"
"1662",2021-08-09,3268.13707076274,"Amazon Prediction"
"1663",2021-08-10,3262.29021001804,"Amazon Prediction"
"1664",2021-08-11,3242.71762098094,"Amazon Prediction"
"1665",2021-08-12,3231.73313646413,"Amazon Prediction"
"1666",2021-08-13,3234.42333460486,"Amazon Prediction"
"1667",2021-08-16,3215.25778063594,"Amazon Prediction"
"1668",2021-08-17,3202.39134707905,"Amazon Prediction"
"1669",2021-08-18,3178.20298244543,"Amazon Prediction"
"1670",2021-08-19,3158.32748186651,"Amazon Prediction"
"1671",2021-08-20,3157.13434750334,"Amazon Prediction"
"1672",2021-08-23,3193.06997283879,"Amazon Prediction"
"1673",2021-08-24,3234.3178277226,"Amazon Prediction"
"1674",2021-08-25,3243.14735585834,"Amazon Prediction"
"1675",2021-08-26,3248.39464641305,"Amazon Prediction"
"1676",2021-08-27,3269.08802104935,"Amazon Prediction"
"1677",2021-08-30,3313.80873120377,"Amazon Prediction"
"1678",2021-08-31,3349.1062931103,"Amazon Prediction"
"1679",2021-09-01,3391.60284975422,"Amazon Prediction"
"1680",2021-09-02,3382.17746793504,"Amazon Prediction"
"1681",2021-09-03,3368.17334077557,"Amazon Prediction"
"1682",2021-09-07,3396.62285093129,"Amazon Prediction"
"1683",2021-09-08,3413.42601024145,"Amazon Prediction"
"1684",2021-09-09,3406.49526484819,"Amazon Prediction"
"1685",2021-09-10,3388.03998824154,"Amazon Prediction"
"1686",2021-09-13,3375.53256598648,"Amazon Prediction"
"1687",2021-09-14,3371.35810172941,"Amazon Prediction"
"1688",2021-09-15,3362.24119303692,"Amazon Prediction"
"1689",2021-09-16,3378.74552110456,"Amazon Prediction"
"1690",2021-09-17,3379.98257840954,"Amazon Prediction"
"1691",2021-09-20,3297.65658414981,"Amazon Prediction"
"1692",2021-09-21,3290.92181679636,"Amazon Prediction"
"1693",2021-09-22,3297.55759748742,"Amazon Prediction"
"1694",2021-09-23,3325.93638615558,"Amazon Prediction"
"1695",2021-09-24,3335.26357953894,"Amazon Prediction"
"1696",2021-09-27,3311.63002270526,"Amazon Prediction"
"1697",2021-09-28,3272.33793568238,"Amazon Prediction"
"1698",2021-09-29,3262.48273575859,"Amazon Prediction"
"1699",2021-09-30,3249.02647863768,"Amazon Prediction"
"1700",2021-10-01,3236.64898094698,"Amazon Prediction"
"1701",2021-10-04,3194.34477379124,"Amazon Prediction"
"1702",2021-10-05,3188.83188041352,"Amazon Prediction"
"1703",2021-10-06,3199.47285570902,"Amazon Prediction"
"1704",2021-10-07,3251.32949058819,"Amazon Prediction"
"1705",2021-10-08,3254.36665464071,"Amazon Prediction"
"1706",2021-10-11,3223.09023463743,"Amazon Prediction"
"1707",2021-10-12,3215.13982833333,"Amazon Prediction"
"1708",2021-10-13,3233.58176988807,"Amazon Prediction"
"1709",2021-10-14,3254.03661870797,"Amazon Prediction"
"1710",2021-10-15,3296.45318645191,"Amazon Prediction"
"1711",2021-10-18,3344.33402944459,"Amazon Prediction"
"1712",2021-10-19,3361.97792506793,"Amazon Prediction"
"1713",2021-10-20,3357.63548920436,"Amazon Prediction"
"1714",2021-10-21,3350.85273729224,"Amazon Prediction"
"1715",2021-10-22,3315.79371925893,"Amazon Prediction"
"1716",2021-10-25,3275.15391653634,"Amazon Prediction"
"1717",2021-10-26,3311.08696469284,"Amazon Prediction"
"1718",2021-10-27,3331.48174332976,"Amazon Prediction"
"1719",2021-10-28,3353.65675235108,"Amazon Prediction"
"1720",2021-10-29,3276.87922113377,"Amazon Prediction"
"1721",2021-11-01,3284.90909333804,"Amazon Prediction"
"1722",2021-11-02,3265.67646678668,"Amazon Prediction"
"1723",2021-11-03,3293.22303098931,"Amazon Prediction"
"1724",2021-11-04,3355.22952553285,"Amazon Prediction"
"1725",2021-11-05,3419.79978966885,"Amazon Prediction"
"1726",2021-11-08,3429.55452326925,"Amazon Prediction"
"1727",2021-11-09,3449.99070132323,"Amazon Prediction"
"1728",2021-11-10,3436.10271490251,"Amazon Prediction"
"1729",2021-11-11,3415.06716769575,"Amazon Prediction"
"1730",2021-11-12,3415.47069604942,"Amazon Prediction"
"1731",2021-11-15,3455.66915989454,"Amazon Prediction"
"1732",2021-11-16,3452.50209087477,"Amazon Prediction"
"1733",2021-11-17,3465.18633631276,"Amazon Prediction"
"1734",2021-11-18,3517.72009404263,"Amazon Prediction"
"1735",2021-11-19,3576.81963793929,"Amazon Prediction"
"1736",2021-11-22,3519.36272512694,"Amazon Prediction"
"1737",2021-11-23,3478.85365203202,"Amazon Prediction"
"1738",2021-11-24,3476.41106022428,"Amazon Prediction"
"1739",2021-11-26,3466.41467803867,"Amazon Prediction"
"1740",2021-11-29,3465.65135192194,"Amazon Prediction"
"1741",2021-11-30,3447.98674661239,"Amazon Prediction"
"1742",2021-12-01,3417.59436015642,"Amazon Prediction"
"1743",2021-12-02,3384.25385851024,"Amazon Prediction"
"1744",2021-12-03,3352.4495687519,"Amazon Prediction"
"1745",2021-12-06,3349.72461604688,"Amazon Prediction"
"1746",2021-12-07,3427.93143859003,"Amazon Prediction"
"1747",2021-12-08,3439.41682882336,"Amazon Prediction"
"1748",2021-12-09,3427.14301220567,"Amazon Prediction"
"1749",2021-12-10,3399.53865585796,"Amazon Prediction"
"1750",2021-12-13,3356.38562398206,"Amazon Prediction"
"1751",2021-12-14,3317.31608707024,"Amazon Prediction"
"1752",2021-12-15,3348.31442702487,"Amazon Prediction"
"1753",2021-12-16,3364.06569395724,"Amazon Prediction"
"1754",2021-12-17,3323.46411831966,"Amazon Prediction"
"1755",2021-12-20,3298.6515312899,"Amazon Prediction"
"1756",2021-12-21,3327.10488802822,"Amazon Prediction"
"1757",2021-12-22,3351.75334536586,"Amazon Prediction"
"1758",2021-12-23,3363.61846553504,"Amazon Prediction"
"1759",2021-12-27,3360.34453429797,"Amazon Prediction"
"1760",2021-12-28,3358.16134212736,"Amazon Prediction"
"1761",2021-12-29,3350.2319789834,"Amazon Prediction"
"1762",2021-12-30,3342.35221267439,"Amazon Prediction"
"1763",2021-12-31,3318.1594034241,"Amazon Prediction"
"1764",2022-01-03,3330.79733992334,"Amazon Prediction"
"1765",2022-01-04,3334.07520942597,"Amazon Prediction"
"1766",2022-01-05,3284.23279972311,"Amazon Prediction"
"1767",2022-01-06,3248.9944342192,"Amazon Prediction"
"1768",2022-01-07,3250.3594964624,"Amazon Prediction"
"1769",2022-01-10,3196.18172462076,"Amazon Prediction"
"1770",2022-01-11,3251.62358760904,"Amazon Prediction"
"1771",2022-01-12,3288.10951374176,"Amazon Prediction"
"1772",2022-01-13,3251.91928050133,"Amazon Prediction"
"1773",2022-01-14,3216.09087298922,"Amazon Prediction"
"1774",2022-01-18,3181.17679777102,"Amazon Prediction"
"1775",2022-01-19,3163.02148383092,"Amazon Prediction"
"1776",2022-01-20,3112.58047339424,"Amazon Prediction"
"1777",2022-01-21,2983.57992583192,"Amazon Prediction"
"1778",2022-01-24,2900.33611654849,"Amazon Prediction"
"1779",2022-01-25,2903.72951325764,"Amazon Prediction"
"1780",2022-01-26,2911.99141685032,"Amazon Prediction"
"1781",2022-01-27,2905.20707745135,"Amazon Prediction"
"1782",2022-01-28,2916.3765910226,"Amazon Prediction"
"1783",2022-01-31,3003.36113826303,"Amazon Prediction"
"1784",2022-02-01,3049.36142189435,"Amazon Prediction"
"1785",2022-02-02,3083.56762929237,"Amazon Prediction"
"1786",2022-02-03,2897.62422512867,"Amazon Prediction"
"1787",2022-02-04,3137.7003950222,"Amazon Prediction"
"1788",2022-02-07,3188.66895350938,"Amazon Prediction"
"1789",2022-02-08,3186.73041510084,"Amazon Prediction"
"1790",2022-02-09,3236.46738234706,"Amazon Prediction"
"1791",2022-02-10,3188.93574682359,"Amazon Prediction"
"1792",2022-02-11,3139.27386179137,"Amazon Prediction"
"1793",2022-02-14,3115.94951826731,"Amazon Prediction"
"1794",2022-02-15,3155.28787774697,"Amazon Prediction"
"1795",2022-02-16,3158.5645213117,"Amazon Prediction"
"1796",2022-02-17,3158.87979250697,"Amazon Prediction"
"1797",2022-02-18,3108.08766178786,"Amazon Prediction"
"1798",2022-02-22,3060.72907053798,"Amazon Prediction"
"1799",2022-02-23,3024.75120565741,"Amazon Prediction"
"1800",2022-02-24,2983.3074382183,"Amazon Prediction"
"1801",2022-02-25,3082.96100983228,"Amazon Prediction"
"1802",2022-02-28,3098.30981400712,"Amazon Prediction"
"1803",2022-03-01,3086.03309377959,"Amazon Prediction"
"1804",2022-03-02,3073.49836764562,"Amazon Prediction"
"1805",2022-03-03,3063.24225413064,"Amazon Prediction"
"1806",2022-03-04,2994.90003920603,"Amazon Prediction"
"1807",2022-03-07,2923.72376782201,"Amazon Prediction"
"1808",2022-03-08,2848.52092382809,"Amazon Prediction"
"1809",2022-03-09,2883.99413205582,"Amazon Prediction"
"1810",2022-03-10,2996.24154773575,"Amazon Prediction"
"1811",2022-03-11,3018.49088262406,"Amazon Prediction"
